time_ns,victim_mV,aggressor_mV,source_V
0.5,0.000150364893,-3.19135016e-06,0
0.501,-0.000150534882,3.19670064e-06,0
0.502,0.000150705236,-3.20206708e-06,0
0.503,-0.000150875957,3.20744886e-06,0
0.504,0.000151047045,-3.2128467e-06,0
0.505,-0.000151218502,3.21826027e-06,0
0.506,0.00015139033,-3.22368987e-06,0
0.507,-0.000151562529,3.22913514e-06,0
0.508,0.0001517351,-3.23459673e-06,0
0.509,-0.000151908045,3.24007443e-06,0
0.51,0.000152081365,-3.24556819e-06,0
0.511,-0.000152255061,3.25107809e-06,0
0.512,0.000152429135,-3.25660447e-06,0
0.513,-0.000152603587,3.26214722e-06,0
0.514,0.000152778418,-3.2677062e-06,0
0.515,-0.000152953631,3.27328192e-06,0
0.516,0.000153129227,-3.2788742e-06,0
0.517,-0.000153305205,3.28448299e-06,0
0.518,0.000153481569,-3.29010866e-06,0
0.519,-0.000153658318,3.29575081e-06,0
0.52,0.000153835455,-3.30141006e-06,0
0.521,-0.00015401298,3.30708633e-06,0
0.522,0.000154190895,-3.31277947e-06,0
0.523,-0.000154369201,3.31848958e-06,0
0.524,0.0001545479,-3.32421696e-06,0
0.525,-0.000154726992,3.32996135e-06,0
0.526,0.000154906479,-3.33572325e-06,0
0.527,-0.000155086362,3.34150232e-06,0
0.528,0.000155266643,-3.34729899e-06,0
0.529,-0.000155447323,3.35311312e-06,0
0.53,0.000155628402,-3.35894479e-06,0
0.531,-0.000155809884,3.36479404e-06,0
0.532,0.000155991768,-3.37066117e-06,0
0.533,-0.000156174056,3.37654582e-06,0
0.534,0.00015635675,-3.3824486e-06,0
0.535,-0.00015653985,3.38836931e-06,0
0.536,0.000156723359,-3.39430786e-06,0
0.537,-0.000156907277,3.40026479e-06,0
0.538,0.000157091606,-3.40623971e-06,0
0.539,-0.000157276348,3.41223293e-06,0
0.54,0.000157461503,-3.41824462e-06,0
0.541,-0.000157647073,3.42427435e-06,0
0.542,0.000157833059,-3.43032294e-06,0
0.543,-0.000158019464,3.43638995e-06,0
0.544,0.000158206287,-3.4424756e-06,0
0.545,-0.000158393531,3.44857994e-06,0
0.546,0.000158581197,-3.45470323e-06,0
0.547,-0.000158769286,3.46084536e-06,0
0.548,0.0001589578,-3.46700654e-06,0
0.549,-0.000159146741,3.47318661e-06,0
0.55,0.000159336109,-3.47938589e-06,0
0.551,-0.000159525907,3.48560437e-06,0
0.552,0.000159716134,-3.49184209e-06,0
0.553,-0.000159906795,3.49809938e-06,0
0.554,0.000160097888,-3.504376e-06,0
0.555,-0.000160289417,3.5106722e-06,0
0.556,0.000160481382,-3.51698824e-06,0
0.557,-0.000160673785,3.52332369e-06,0
0.558,0.000160866627,-3.52967917e-06,0
0.559,-0.00016105991,3.5360543e-06,0
0.56,0.000161253636,-3.54244965e-06,0
0.561,-0.000161447805,3.54886509e-06,0
0.562,0.00016164242,-3.55530036e-06,0
0.563,-0.000161837483,3.56175635e-06,0
0.564,0.000162032993,-3.56823231e-06,0
0.565,-0.000162228954,3.5747288e-06,0
0.566,0.000162425366,-3.58124594e-06,0
0.567,-0.000162622232,3.58778358e-06,0
0.568,0.000162819552,-3.59434188e-06,0
0.569,-0.000163017328,3.60092098e-06,0
0.57,0.000163215562,-3.60752107e-06,0
0.571,-0.000163414256,3.61414194e-06,0
0.572,0.00016361341,-3.62078409e-06,0
0.573,-0.000163813028,3.6274474e-06,0
0.574,0.000164013109,-3.63413183e-06,0
0.575,-0.000164213656,3.64083756e-06,0
0.576,0.000164414671,-3.64756482e-06,0
0.577,-0.000164616155,3.65431378e-06,0
0.578,0.000164818109,-3.66108407e-06,0
0.579,-0.000165020536,3.66787628e-06,0
0.58,0.000165223437,-3.67469027e-06,0
0.581,-0.000165426813,3.68152628e-06,0
0.582,0.000165630666,-3.68838424e-06,0
0.583,-0.000165834999,3.69526422e-06,0
0.584,0.000166039812,-3.70216661e-06,0
0.585,-0.000166245108,3.70909133e-06,0
0.586,0.000166450887,-3.7160383e-06,0
0.587,-0.000166657153,3.7230079e-06,0
0.588,0.000166863905,-3.73000021e-06,0
0.589,-0.000167071147,3.737015e-06,0
0.59,0.00016727888,-3.74405287e-06,0
0.591,-0.000167487105,3.75111342e-06,0
0.592,0.000167695825,-3.75819739e-06,0
0.593,-0.00016790504,3.76530428e-06,0
0.594,0.000168114754,-3.7724343e-06,0
0.595,-0.000168324967,3.77958791e-06,0
0.596,0.000168535682,-3.78676492e-06,0
0.597,-0.0001687469,3.79396534e-06,0
0.598,0.000168958623,-3.80118972e-06,0
0.599,-0.000169170852,3.80843759e-06,0
0.6,0.00016938359,-3.81570946e-06,0
0.601,-0.000169596839,3.82300555e-06,0
0.602,0.000169810599,-3.83032552e-06,0
0.603,-0.000170024874,3.83766967e-06,0
0.604,0.000170239665,-3.84503848e-06,0
0.605,-0.000170454973,3.85243124e-06,0
0.606,0.000170670801,-3.85984909e-06,0
0.607,-0.000170887151,3.86729124e-06,0
0.608,0.000171104024,-3.87475847e-06,0
0.609,-0.000171321422,3.88225049e-06,0
0.61,0.000171539347,-3.88976733e-06,0
0.611,-0.000171757802,3.89730961e-06,0
0.612,0.000171976787,-3.90487713e-06,0
0.613,-0.000172196305,3.91246989e-06,0
0.614,0.000172416358,-3.92008816e-06,0
0.615,-0.000172636948,3.92773197e-06,0
0.616,0.000172858077,-3.93540164e-06,0
0.617,-0.000173079746,3.94309715e-06,0
0.618,0.000173301958,-3.9508187e-06,0
0.619,-0.000173524715,3.95856606e-06,0
0.62,0.000173748018,-3.96634001e-06,0
0.621,-0.00017397187,3.97414e-06,0
0.622,0.000174196272,-3.98196662e-06,0
0.623,-0.000174421228,3.9898197e-06,0
0.624,0.000174646738,-3.99769955e-06,0
0.625,-0.000174872804,4.0056065e-06,0
0.626,0.00017509943,-4.01354e-06,0
0.627,-0.000175326616,4.02150081e-06,0
0.628,0.000175554365,-4.02948896e-06,0
0.629,-0.00017578268,4.03750422e-06,0
0.63,0.000176011561,-4.04554715e-06,0
0.631,-0.000176241011,4.05361758e-06,0
0.632,0.000176471033,-4.06171584e-06,0
0.633,-0.000176701628,4.06984191e-06,0
0.634,0.000176932799,-4.0779962e-06,0
0.635,-0.000177164548,4.08617847e-06,0
0.636,0.000177396876,-4.09438898e-06,0
0.637,-0.000177629787,4.10262808e-06,0
0.638,0.000177863282,-4.11089551e-06,0
0.639,-0.000178097363,4.1191917e-06,0
0.64,0.000178332032,-4.1275169e-06,0
0.641,-0.000178567293,4.13587092e-06,0
0.642,0.000178803146,-4.14425409e-06,0
0.643,-0.000179039595,4.1526666e-06,0
0.644,0.000179276641,-4.16110843e-06,0
0.645,-0.000179514287,4.16957971e-06,0
0.646,0.000179752535,-4.17808081e-06,0
0.647,-0.000179991387,4.1866116e-06,0
0.648,0.000180230846,-4.19517245e-06,0
0.649,-0.000180470914,4.20376356e-06,0
0.65,0.000180711593,-4.21238476e-06,0
0.651,-0.000180952885,4.22103646e-06,0
0.652,0.000181194793,-4.22971871e-06,0
0.653,-0.00018143732,4.23843144e-06,0
0.654,0.000181680467,-4.24717536e-06,0
0.655,-0.000181924237,4.25594995e-06,0
0.656,0.000182168632,-4.26475619e-06,0
0.657,-0.000182413655,4.27359344e-06,0
0.658,0.000182659308,-4.28246225e-06,0
0.659,-0.000182905593,4.29136272e-06,0
0.66,0.000183152513,-4.3002949e-06,0
0.661,-0.000183400071,4.30925903e-06,0
0.662,0.000183648269,-4.31825517e-06,0
0.663,-0.000183897109,4.32728371e-06,0
0.664,0.000184146594,-4.33634467e-06,0
0.665,-0.000184396726,4.34543829e-06,0
0.666,0.000184647507,-4.35456458e-06,0
0.667,-0.000184898942,4.36372381e-06,0
0.668,0.000185151031,-4.37291615e-06,0
0.669,-0.000185403777,4.38214162e-06,0
0.67,0.000185657183,-4.39140072e-06,0
0.671,-0.000185911252,4.40069309e-06,0
0.672,0.000186165986,-4.41001934e-06,0
0.673,-0.000186421388,4.4193797e-06,0
0.674,0.00018667746,-4.42877388e-06,0
0.675,-0.000186934205,4.43820261e-06,0
0.676,0.000187191626,-4.44766572e-06,0
0.677,-0.000187449725,4.45716332e-06,0
0.678,0.000187708504,-4.46669567e-06,0
0.679,-0.000187967968,4.47626297e-06,0
0.68,0.000188228117,-4.4858655e-06,0
0.681,-0.000188488956,4.49550336e-06,0
0.682,0.000188750486,-4.50517669e-06,0
0.683,-0.000189012711,4.51488574e-06,0
0.684,0.000189275633,-4.52463068e-06,0
0.685,-0.000189539256,4.53441154e-06,0
0.686,0.00018980358,-4.54422877e-06,0
0.687,-0.000190068611,4.55408242e-06,0
0.688,0.00019033435,-4.56397251e-06,0
0.689,-0.0001906008,4.57389966e-06,0
0.69,0.000190867964,-4.58386354e-06,0
0.691,-0.000191135845,4.5938648e-06,0
0.692,0.000191404445,-4.60390347e-06,0
0.693,-0.000191673769,4.61397941e-06,0
0.694,0.000191943818,-4.62409336e-06,0
0.695,-0.000192214596,4.63424517e-06,0
0.696,0.000192486105,-4.644435e-06,0
0.697,-0.000192758348,4.65466347e-06,0
0.698,0.000193031329,-4.66493025e-06,0
0.699,-0.00019330505,4.67523591e-06,0
0.7,0.000193579514,-4.68558058e-06,0
0.701,-0.000193854725,4.69596434e-06,0
0.702,0.000194130685,-4.70638742e-06,0
0.703,-0.000194407398,4.71685008e-06,0
0.704,0.000194684866,-4.72735252e-06,0
0.705,-0.000194963092,4.73789506e-06,0
0.706,0.000195242081,-4.74847756e-06,0
0.707,-0.000195521834,4.75910077e-06,0
0.708,0.000195802355,-4.76976447e-06,0
0.709,-0.000196083647,4.78046913e-06,0
0.71,0.000196365713,-4.79121469e-06,0
0.711,-0.000196648557,4.80200156e-06,0
0.712,0.000196932181,-4.81282994e-06,0
0.713,-0.000197216589,4.8237002e-06,0
0.714,0.000197501784,-4.83461213e-06,0
0.715,-0.00019778777,4.84556634e-06,0
0.716,0.000198074549,-4.85656304e-06,0
0.717,-0.000198362125,4.86760213e-06,0
0.718,0.000198650502,-4.87868428e-06,0
0.719,-0.000198939681,4.88980928e-06,0
0.72,0.000199229668,-4.90097785e-06,0
0.721,-0.000199520465,4.9121899e-06,0
0.722,0.000199812076,-4.92344551e-06,0
0.723,-0.000200104503,4.93474554e-06,0
0.724,0.000200397751,-4.94608951e-06,0
0.725,-0.000200691823,4.95747798e-06,0
0.726,0.000200986722,-4.96891137e-06,0
0.727,-0.000201282452,4.98038948e-06,0
0.728,0.000201579016,-4.99191287e-06,0
0.729,-0.000201876419,5.00348196e-06,0
0.73,0.000202174662,-5.01509662e-06,0
0.731,-0.000202473751,5.02675725e-06,0
0.732,0.000202773687,-5.03846413e-06,0
0.733,-0.000203074476,5.05021741e-06,0
0.734,0.000203376121,-5.06201737e-06,0
0.735,-0.000203678625,5.07386452e-06,0
0.736,0.000203981992,-5.08575873e-06,0
0.737,-0.000204286226,5.09770068e-06,0
0.738,0.00020459133,-5.10968999e-06,0
0.739,-0.000204897309,5.12172771e-06,0
0.74,0.000205204165,-5.13381375e-06,0
0.741,-0.000205511903,5.14594813e-06,0
0.742,0.000205820526,-5.15813126e-06,0
0.743,-0.000206130038,5.17036383e-06,0
0.744,0.000206440444,-5.18264549e-06,0
0.745,-0.000206751746,5.19497706e-06,0
0.746,0.000207063949,-5.20735831e-06,0
0.747,-0.000207377057,5.21978993e-06,0
0.748,0.000207691073,-5.23227209e-06,0
0.749,-0.000208006002,5.24480485e-06,0
0.75,0.000208321847,-5.25738884e-06,0
0.751,-0.000208638613,5.27002406e-06,0
0.752,0.000208956304,-5.28271089e-06,0
0.753,-0.000209274922,5.29545e-06,0
0.754,0.000209594474,-5.308241e-06,0
0.755,-0.000209914962,5.32108464e-06,0
0.756,0.000210236391,-5.33398101e-06,0
0.757,-0.000210558764,5.34693062e-06,0
0.758,0.000210882087,-5.35993351e-06,0
0.759,-0.000211206363,5.37299027e-06,0
0.76,0.000211531597,-5.38610104e-06,0
0.761,-0.000211857792,5.39926623e-06,0
0.762,0.000212184952,-5.41248597e-06,0
0.763,-0.000212513084,5.42576079e-06,0
0.764,0.000212842189,-5.43909066e-06,0
0.765,-0.000213172273,5.45247641e-06,0
0.766,0.000213503341,-5.46591782e-06,0
0.767,-0.000213835396,5.47941563e-06,0
0.768,0.000214168443,-5.49297012e-06,0
0.769,-0.000214502486,5.50658137e-06,0
0.77,0.00021483753,-5.52024979e-06,0
0.771,-0.00021517358,5.53397592e-06,0
0.772,0.000215510639,-5.54775999e-06,0
0.773,-0.000215848713,5.56160212e-06,0
0.774,0.000216187805,-5.57550296e-06,0
0.775,-0.000216527921,5.58946256e-06,0
0.776,0.000216869066,-5.60348155e-06,0
0.777,-0.000217211243,5.61756019e-06,0
0.778,0.000217554457,-5.63169887e-06,0
0.779,-0.000217898714,5.6458976e-06,0
0.78,0.000218244017,-5.66015715e-06,0
0.781,-0.000218590372,5.67447751e-06,0
0.782,0.000218937783,-5.68885956e-06,0
0.783,-0.000219286256,5.70330315e-06,0
0.784,0.000219635795,-5.71780906e-06,0
0.785,-0.000219986405,5.73237721e-06,0
0.786,0.000220338091,-5.74700842e-06,0
0.787,-0.000220690857,5.76170286e-06,0
0.788,0.00022104471,-5.77646085e-06,0
0.789,-0.000221399653,5.7912827e-06,0
0.79,0.000221755692,-5.80616899e-06,0
0.791,-0.000222112832,5.8211201e-06,0
0.792,0.000222471078,-5.83613632e-06,0
0.793,-0.000222830435,5.85121811e-06,0
0.794,0.000223190908,-5.86636577e-06,0
0.795,-0.000223552503,5.8815799e-06,0
0.796,0.000223915224,-5.89686074e-06,0
0.797,-0.000224279077,5.91220847e-06,0
0.798,0.000224644068,-5.92762384e-06,0
0.799,-0.000225010201,5.94310723e-06,0
0.8,0.000225377481,-5.95865908e-06,0
0.801,-0.000225745915,5.97427953e-06,0
0.802,0.000226115508,-5.98996917e-06,0
0.803,-0.000226486265,6.00572854e-06,0
0.804,0.000226858191,-6.02155804e-06,0
0.805,-0.000227231293,6.03745784e-06,0
0.806,0.000227605575,-6.05342866e-06,0
0.807,-0.000227981043,6.06947069e-06,0
0.808,0.000228357704,-6.08558461e-06,0
0.809,-0.000228735562,6.10177082e-06,0
0.81,0.000229114623,-6.11802949e-06,0
0.811,-0.000229494893,6.13436144e-06,0
0.812,0.000229876378,-6.15076698e-06,0
0.813,-0.000230259083,6.16724653e-06,0
0.814,0.000230643015,-6.1838006e-06,0
0.815,-0.000231028179,6.20042948e-06,0
0.816,0.000231414581,-6.21713381e-06,0
0.817,-0.000231802228,6.23391425e-06,0
0.818,0.000232191124,-6.25077086e-06,0
0.819,-0.000232581277,6.26770437e-06,0
0.82,0.000232972692,-6.28471521e-06,0
0.821,-0.000233365375,6.30180391e-06,0
0.822,0.000233759333,-6.31897094e-06,0
0.823,-0.000234154572,6.33621679e-06,0
0.824,0.000234551097,-6.35354187e-06,0
0.825,-0.000234948916,6.37094673e-06,0
0.826,0.000235348034,-6.38843194e-06,0
0.827,-0.000235748458,6.40599793e-06,0
0.828,0.000236150194,-6.42364548e-06,0
0.829,-0.000236553249,6.4413746e-06,0
0.83,0.000236957629,-6.45918634e-06,0
0.831,-0.000237363341,6.47708075e-06,0
0.832,0.000237770391,-6.49505866e-06,0
0.833,-0.000238178786,6.51312067e-06,0
0.834,0.000238588533,-6.53126711e-06,0
0.835,-0.000238999638,6.54949854e-06,0
0.836,0.000239412107,-6.56781568e-06,0
0.837,-0.000239825949,6.5862189e-06,0
0.838,0.000240241168,-6.604709e-06,0
0.839,-0.000240657774,6.62328623e-06,0
0.84,0.000241075771,-6.64195128e-06,0
0.841,-0.000241495168,6.66070483e-06,0
0.842,0.000241915972,-6.67954737e-06,0
0.843,-0.000242338188,6.69847935e-06,0
0.844,0.000242761826,-6.71750187e-06,0
0.845,-0.000243186891,6.73661461e-06,0
0.846,0.00024361339,-6.75581908e-06,0
0.847,-0.000244041332,6.77511529e-06,0
0.848,0.000244470723,-6.79450425e-06,0
0.849,-0.000244901571,6.81398635e-06,0
0.85,0.000245333883,-6.83356198e-06,0
0.851,-0.000245767667,6.8532322e-06,0
0.852,0.00024620293,-6.87299759e-06,0
0.853,-0.000246639679,6.8928583e-06,0
0.854,0.000247077923,-6.9128156e-06,0
0.855,-0.000247517668,6.93286965e-06,0
0.856,0.000247958923,-6.95302135e-06,0
0.857,-0.000248401696,6.97327129e-06,0
0.858,0.000248845993,-6.99362032e-06,0
0.859,-0.000249291824,7.01406862e-06,0
0.86,0.000249739196,-7.0346175e-06,0
0.861,-0.000250188116,7.05526668e-06,0
0.862,0.000250638594,-7.07601799e-06,0
0.863,-0.000251090637,7.0968713e-06,0
0.864,0.000251544253,-7.11782781e-06,0
0.865,-0.00025199945,7.13888794e-06,0
0.866,0.000252456237,-7.16005225e-06,0
0.867,-0.000252914621,7.18132168e-06,0
0.868,0.000253374613,-7.2026972e-06,0
0.869,-0.000253836219,7.22417892e-06,0
0.87,0.000254299448,-7.24576803e-06,0
0.871,-0.000254764309,7.26746505e-06,0
0.872,0.00025523081,-7.28927081e-06,0
0.873,-0.000255698961,7.31118607e-06,0
0.874,0.000256168769,-7.33321165e-06,0
0.875,-0.000256640244,7.35534803e-06,0
0.876,0.000257113394,-7.37759642e-06,0
0.877,-0.000257588229,7.39995704e-06,0
0.878,0.000258064757,-7.42243134e-06,0
0.879,-0.000258542987,7.44501946e-06,0
0.88,0.000259022929,-7.46772268e-06,0
0.881,-0.000259504592,7.49054155e-06,0
0.882,0.000259987984,-7.51347694e-06,0
0.883,-0.000260473116,7.53652955e-06,0
0.884,0.000260959996,-7.55970055e-06,0
0.885,-0.000261448634,7.58299028e-06,0
0.886,0.00026193904,-7.60639997e-06,0
0.887,-0.000262431223,7.62993041e-06,0
0.888,0.000262925193,-7.6535823e-06,0
0.889,-0.000263420959,7.67735654e-06,0
0.89,0.000263918532,-7.70125423e-06,0
0.891,-0.000264417921,7.72527579e-06,0
0.892,0.000264919135,-7.74942256e-06,0
0.893,-0.000265422186,7.77369515e-06,0
0.894,0.000265927083,-7.79809464e-06,0
0.895,-0.000266433836,7.82262169e-06,0
0.896,0.000266942456,-7.84727756e-06,0
0.897,-0.000267452952,7.872063e-06,0
0.898,0.000267965336,-7.89697888e-06,0
0.899,-0.000268479618,7.92202624e-06,0
0.9,0.000268995807,-7.94720618e-06,0
0.901,-0.000269513915,7.97251903e-06,0
0.902,0.000270033953,-7.99796665e-06,0
0.903,-0.000270555931,8.02354928e-06,0
0.904,0.00027107986,-8.04926836e-06,0
0.905,-0.000271605751,8.07512478e-06,0
0.906,0.000272133615,-8.10111951e-06,0
0.907,-0.000272663463,8.12725325e-06,0
0.908,0.000273195307,-8.15352769e-06,0
0.909,-0.000273729157,8.17994311e-06,0
0.91,0.000274265025,-8.20650124e-06,0
0.911,-0.000274802922,8.23320259e-06,0
0.912,0.00027534286,-8.26004888e-06,0
0.913,-0.00027588485,8.28704035e-06,0
0.914,0.000276428905,-8.31417871e-06,0
0.915,-0.000276975035,8.34146484e-06,0
0.916,0.000277523253,-8.3688998e-06,0
0.917,-0.000278073571,8.3964847e-06,0
0.918,0.000278626001,-8.42422078e-06,0
0.919,-0.000279180554,8.45210904e-06,0
0.92,0.000279737244,-8.48015078e-06,0
0.921,-0.000280296082,8.50834705e-06,0
0.922,0.000280857081,-8.53669908e-06,0
0.923,-0.000281420254,8.56520795e-06,0
0.924,0.000281985613,-8.59387495e-06,0
0.925,-0.00028255317,8.62270105e-06,0
0.926,0.000283122939,-8.65168785e-06,0
0.927,-0.000283694933,8.68083631e-06,0
0.928,0.000284269164,-8.71014777e-06,0
0.929,-0.000284845646,8.73962348e-06,0
0.93,0.000285424391,-8.76926443e-06,0
0.931,-0.000286005414,8.79907221e-06,0
0.932,0.000286588727,-8.82904837e-06,0
0.933,-0.000287174345,8.85919343e-06,0
0.934,0.00028776228,-8.88950921e-06,0
0.935,-0.000288352547,8.91999691e-06,0
0.936,0.00028894516,-8.95065813e-06,0
0.937,-0.000289540132,8.98149385e-06,0
0.938,0.000290137477,-9.01250559e-06,0
0.939,-0.00029073721,9.04369458e-06,0
0.94,0.000291339345,-9.07506258e-06,0
0.941,-0.000291943896,9.10661054e-06,0
0.942,0.000292550878,-9.13834021e-06,0
0.943,-0.000293160306,9.1702527e-06,0
0.944,0.000293772195,-9.20234992e-06,0
0.945,-0.000294386558,9.23463289e-06,0
0.946,0.000295003412,-9.26710328e-06,0
0.947,-0.000295622771,9.29976263e-06,0
0.948,0.000296244651,-9.33261239e-06,0
0.949,-0.000296869067,9.36565386e-06,0
0.95,0.000297496034,-9.3988889e-06,0
0.951,-0.000298125569,9.43231891e-06,0
0.952,0.000298757686,-9.46594537e-06,0
0.953,-0.000299392403,9.49977015e-06,0
0.954,0.000300029734,-9.53379459e-06,0
0.955,-0.000300669696,9.5680204e-06,0
0.956,0.000301312306,-9.60244924e-06,0
0.957,-0.000301957579,9.63708259e-06,0
0.958,0.000302605533,-9.67192224e-06,0
0.959,-0.000303256183,9.70696992e-06,0
0.96,0.000303909548,-9.74222719e-06,0
0.961,-0.000304565643,9.77769593e-06,0
0.962,0.000305224486,-9.81337764e-06,0
0.963,-0.000305886094,9.84927442e-06,0
0.964,0.000306550485,-9.88538777e-06,0
0.965,-0.000307217676,9.92171946e-06,0
0.966,0.000307887685,-9.9582715e-06,0
0.967,-0.000308560529,9.99504543e-06,0
0.968,0.000309236227,-1.00320433e-05,0
0.969,-0.000309914797,1.00692672e-05,0
0.97,0.000310596257,-1.01067184e-05,0
0.971,-0.000311280625,1.01443993e-05,0
0.972,0.000311967921,-1.01823117e-05,0
0.973,-0.000312658163,1.02204575e-05,0
0.974,0.00031335137,-1.02588386e-05,0
0.975,-0.00031404756,1.0297457e-05,0
0.976,0.000314746754,-1.0336315e-05,0
0.977,-0.000315448971,1.03754144e-05,0
0.978,0.00031615423,-1.04147569e-05,0
0.979,-0.000316862552,1.04543454e-05,0
0.98,0.000317573955,-1.04941811e-05,0
0.981,-0.000318288461,1.05342667e-05,0
0.982,0.000319006089,-1.05746042e-05,0
0.983,-0.000319726859,1.06151957e-05,0
0.984,0.000320450794,-1.06560433e-05,0
0.985,-0.000321177913,1.06971495e-05,0
0.986,0.000321908237,-1.07385162e-05,0
0.987,-0.000322641788,1.07801459e-05,0
0.988,0.000323378587,-1.08220409e-05,0
0.989,-0.000324118656,1.08642032e-05,0
0.99,0.000324862016,-1.09066354e-05,0
0.991,-0.000325608689,1.09493399e-05,0
0.992,0.000326358698,-1.09923188e-05,0
0.993,-0.000327112065,1.10355749e-05,0
0.994,0.000327868812,-1.10791101e-05,0
0.995,-0.000328628963,1.11229276e-05,0
0.996,0.000329392539,-1.11670293e-05,0
0.997,-0.000330159565,1.12114179e-05,0
0.998,0.000330930063,-1.12560958e-05,0
0.999,-0.000331704058,1.1301066e-05,0
1,0.000332481573,-1.13463306e-05,0
1.001,-0.000333262632,1.13918927e-05,0.00384
1.002,0.000334047259,-1.14377546e-05,0.00768
1.003,-0.00033483548,1.1483919e-05,0.01152
1.004,0.000335627317,-1.15303889e-05,0.01536
1.005,-0.000336422798,1.15771669e-05,0.0192
1.006,0.000337221945,-1.16242557e-05,0.02304
1.007,-0.000338024786,1.16716582e-05,0.02688
1.008,0.000338831346,-1.17193774e-05,0.03072
1.009,-0.000339641649,1.17674161e-05,0.03456
1.01,0.000340455724,-1.1815777e-05,0.0384
1.011,-0.000341273595,1.18644633e-05,0.04224
1.012,0.000342095289,-1.19134778e-05,0.04608
1.013,-0.000342920834,1.19628238e-05,0.04992
1.014,0.000343750256,-1.2012504e-05,0.05376
1.015,-0.000344583583,1.20625218e-05,0.0576
1.016,0.000345420842,-1.211288e-05,0.06144
1.017,-0.000346262062,1.21635823e-05,0.06528
1.018,0.000347107269,-1.22146313e-05,0.06912
1.019,-0.000347956493,1.22660304e-05,0.07296
1.02,0.000348809763,-1.23177831e-05,0.0768
1.021,-0.000349667106,1.23698927e-05,0.08064
1.022,0.000350528553,-1.24223622e-05,0.08448
1.023,-0.000351394134,1.24751955e-05,0.08832
1.024,0.000352263876,-1.25283955e-05,0.09216
1.025,-0.000353137811,1.25819663e-05,0.096
1.026,0.00035401597,-1.26359106e-05,0.09984
1.027,-0.000354898382,1.26902328e-05,0.10368
1.028,0.000355785079,-1.27449359e-05,0.10752
1.029,-0.000356676092,1.28000238e-05,0.11136
1.03,0.000357571452,-1.28555002e-05,0.1152
1.031,-0.000358471191,1.29113686e-05,0.11904
1.032,0.000359375342,-1.29676331e-05,0.12288
1.033,-0.000360283937,1.30242976e-05,0.12672
1.034,0.000361197008,-1.30813655e-05,0.13056
1.035,-0.00036211459,1.3138841e-05,0.1344
1.036,0.000363036714,-1.31967281e-05,0.13824
1.037,-0.000363963416,1.32550306e-05,0.14208
1.038,0.000364894729,-1.33137527e-05,0.14592
1.039,-0.000365830687,1.33728987e-05,0.14976
1.04,0.000366771326,-1.34324726e-05,0.1536
1.041,-0.000367716681,1.34924786e-05,0.15744
1.042,0.000368666786,-1.35529208e-05,0.16128
1.043,-0.000369621679,1.36138039e-05,0.16512
1.044,0.000370581395,-1.3675132e-05,0.16896
1.045,-0.00037154597,1.37369096e-05,0.1728
1.046,0.000372515442,-1.37991412e-05,0.17664
1.047,-0.000373489848,1.38618314e-05,0.18048
1.048,0.000374469227,-1.39249846e-05,0.18432
1.049,-0.000375453614,1.39886057e-05,0.18816
1.05,0.000376443051,-1.40526994e-05,0.192
1.051,-0.000377437574,1.41172703e-05,0.19584
1.052,0.000378437224,-1.41823234e-05,0.19968
1.053,-0.000379442041,1.42478634e-05,0.20352
1.054,0.000380452064,-1.43138955e-05,0.20736
1.055,-0.000381467333,1.43804247e-05,0.2112
1.056,0.000382487891,-1.44474558e-05,0.21504
1.057,-0.000383513777,1.45149943e-05,0.21888
1.058,0.000384545035,-1.45830453e-05,0.22272
1.059,-0.000385581706,1.46516142e-05,0.22656
1.06,0.000386623833,-1.47207063e-05,0.2304
1.061,-0.000387671459,1.47903268e-05,0.23424
1.062,0.000388724627,-1.48604814e-05,0.23808
1.063,-0.000389783382,1.49311758e-05,0.24192
1.064,0.000390847769,-1.50024153e-05,0.24576
1.065,-0.000391917832,1.50742061e-05,0.2496
1.066,0.000392993616,-1.51465535e-05,0.25344
1.067,-0.000394075169,1.52194638e-05,0.25728
1.068,0.000395162535,-1.52929428e-05,0.26112
1.069,-0.000396255763,1.53669964e-05,0.26496
1.07,0.000397354899,-1.54416308e-05,0.2688
1.071,-0.000398459992,1.55168521e-05,0.27264
1.072,0.00039957109,-1.55926668e-05,0.27648
1.073,-0.000400688242,1.56690814e-05,0.28032
1.074,0.000401811498,-1.57461017e-05,0.28416
1.075,-0.000402940907,1.58237351e-05,0.288
1.076,0.000404076521,-1.59019873e-05,0.29184
1.077,-0.000405218391,1.59808657e-05,0.29568
1.078,0.000406366569,-1.6060377e-05,0.29952
1.079,-0.000407521106,1.6140528e-05,0.30336
1.08,0.000408682056,-1.62213255e-05,0.3072
1.081,-0.000409849473,1.63027769e-05,0.31104
1.082,0.00041102341,-1.63848893e-05,0.31488
1.083,-0.000412203922,1.64676699e-05,0.31872
1.084,0.000413391065,-1.65511263e-05,0.32256
1.085,-0.000414584894,1.66352659e-05,0.3264
1.086,0.000415785467,-1.67200961e-05,0.33024
1.087,-0.00041699284,1.68056249e-05,0.33408
1.088,0.000418207071,-1.68918598e-05,0.33792
1.089,-0.00041942822,1.69788093e-05,0.34176
1.09,0.000420656344,-1.70664807e-05,0.3456
1.091,-0.000421891505,1.71548828e-05,0.34944
1.092,0.000423133762,-1.72440233e-05,0.35328
1.093,-0.000424383177,1.73339112e-05,0.35712
1.094,0.000425639812,-1.74245544e-05,0.36096
1.095,-0.00042690373,1.75159619e-05,0.3648
1.096,0.000428174994,-1.76081423e-05,0.36864
1.097,-0.000429453668,1.77011048e-05,0.37248
1.098,0.000430739818,-1.77948578e-05,0.37632
1.099,-0.000432033509,1.78894111e-05,0.38016
1.1,0.000433334807,-1.79847735e-05,0.384
1.101,-0.00043464378,1.80809545e-05,0.38784
1.102,0.000435960495,-1.81779639e-05,0.39168
1.103,-0.000437285023,1.82758111e-05,0.39552
1.104,0.000438617432,-1.83745061e-05,0.39936
1.105,-0.000439957792,1.84740589e-05,0.4032
1.106,0.000441306176,-1.85744791e-05,0.40704
1.107,-0.000442662656,1.86757779e-05,0.41088
1.108,0.000444027304,-1.8777965e-05,0.41472
1.109,-0.000445400194,1.88810513e-05,0.41856
1.11,0.000446781403,-1.89850474e-05,0.4224
1.111,-0.000448171004,1.90899643e-05,0.42624
1.112,0.000449569075,-1.91958129e-05,0.43008
1.113,-0.000450975694,1.93026049e-05,0.43392
1.114,0.000452390939,-1.94103511e-05,0.43776
1.115,-0.00045381489,1.95190634e-05,0.4416
1.116,0.000455247627,-1.96287537e-05,0.44544
1.117,-0.000456689232,1.97394334e-05,0.44928
1.118,0.000458139788,-1.98511152e-05,0.45312
1.119,-0.000459599378,1.99638113e-05,0.45696
1.12,0.000461068086,-2.00775339e-05,0.4608
1.121,-0.000462545999,2.0192296e-05,0.46464
1.122,0.000464033203,-2.03081101e-05,0.46848
1.123,-0.000465529786,2.04249899e-05,0.47232
1.124,0.000467035837,-2.05429482e-05,0.47616
1.125,-0.000468551446,2.06619988e-05,0.48
1.126,0.000470076704,-2.07821551e-05,0.48384
1.127,-0.000471611705,2.09034314e-05,0.48768
1.128,0.000473156541,-2.10258416e-05,0.49152
1.129,-0.000474711307,2.11494003e-05,0.49536
1.13,0.0004762761,-2.12741219e-05,0.4992
1.131,-0.000477851016,2.14000214e-05,0.50304
1.132,0.000479436155,-2.15271138e-05,0.50688
1.133,-0.000481031615,2.16554144e-05,0.51072
1.134,0.000482637499,-2.17849389e-05,0.51456
1.135,-0.000484253909,2.19157032e-05,0.5184
1.136,0.000485880948,-2.20477231e-05,0.52224
1.137,-0.000487518722,2.21810155e-05,0.52608
1.138,0.000489167337,-2.23155962e-05,0.52992
1.139,-0.000490826901,2.24514829e-05,0.53376
1.14,0.000492497525,-2.25886923e-05,0.5376
1.141,-0.000494179318,2.27272421e-05,0.54144
1.142,0.000495872393,-2.28671498e-05,0.54528
1.143,-0.000497576864,2.30084337e-05,0.54912
1.144,0.000499292847,-2.31511121e-05,0.55296
1.145,-0.000501020458,2.32952037e-05,0.5568
1.146,0.000502759817,-2.34407273e-05,0.56064
1.147,-0.000504511043,2.35877024e-05,0.56448
1.148,0.000506274258,-2.37361484e-05,0.56832
1.149,-0.000508049586,2.38860855e-05,0.57216
1.15,0.000509837153,-2.40375337e-05,0.576
1.151,-0.000511637085,2.4190514e-05,0.57984
1.152,0.00051344951,-2.43450472e-05,0.58368
1.153,-0.00051527456,2.45011547e-05,0.58752
1.154,0.000517112368,-2.46588583e-05,0.59136
1.155,-0.000518963066,2.48181801e-05,0.5952
1.156,0.000520826792,-2.49791425e-05,0.59904
1.157,-0.000522703684,2.51417685e-05,0.60288
1.158,0.000524593881,-2.53060815e-05,0.60672
1.159,-0.000526497526,2.54721049e-05,0.61056
1.16,0.000528414762,-2.5639863e-05,0.6144
1.161,-0.000530345737,2.58093806e-05,0.61824
1.162,0.000532290597,-2.59806825e-05,0.62208
1.163,-0.000534249495,2.61537939e-05,0.62592
1.164,0.000536222581,-2.6328741e-05,0.62976
1.165,-0.000538210011,2.65055501e-05,0.6336
1.166,0.000540211942,-2.6684248e-05,0.63744
1.167,-0.000542228534,2.68648623e-05,0.64128
1.168,0.000544259948,-2.70474205e-05,0.64512
1.169,-0.000546306348,2.72319511e-05,0.64896
1.17,0.000548367901,-2.7418483e-05,0.6528
1.171,-0.000550444776,2.76070456e-05,0.65664
1.172,0.000552537144,-2.77976688e-05,0.66048
1.173,-0.00055464518,2.79903829e-05,0.66432
1.174,0.00055676906,-2.81852192e-05,0.66816
1.175,-0.000558908964,2.83822095e-05,0.672
1.176,0.000561065074,-2.85813857e-05,0.67584
1.177,-0.000563237575,2.8782781e-05,0.67968
1.178,0.000565426654,-2.89864286e-05,0.68352
1.179,-0.000567632503,2.91923628e-05,0.68736
1.18,0.000569855315,-2.94006181e-05,0.6912
1.181,-0.000572095286,2.96112303e-05,0.69504
1.182,0.000574352616,-2.98242354e-05,0.69888
1.183,-0.000576627508,3.003967e-05,0.70272
1.184,0.000578920168,-3.02575717e-05,0.70656
1.185,-0.000581230806,3.04779791e-05,0.7104
1.186,0.000583559632,-3.07009307e-05,0.71424
1.187,-0.000585906864,3.09264667e-05,0.71808
1.188,0.000588272721,-3.11546274e-05,0.72192
1.189,-0.000590657425,3.13854543e-05,0.72576
1.19,0.000593061202,-3.16189893e-05,0.7296
1.191,-0.000595484284,3.18552757e-05,0.73344
1.192,0.000597926903,-3.20943573e-05,0.73728
1.193,-0.000600389297,3.2336279e-05,0.74112
1.194,0.000602871707,-3.25810861e-05,0.74496
1.195,-0.00060537438,3.28288255e-05,0.7488
1.196,0.000607897563,-3.30795446e-05,0.75264
1.197,-0.000610441511,3.33332921e-05,0.75648
1.198,0.000613006482,-3.35901173e-05,0.76032
1.199,-0.000615592737,3.38500709e-05,0.76416
1.2,0.000618200542,-3.41132042e-05,0.768
1.201,-0.00062083017,3.43795703e-05,0.77184
1.202,0.000623481894,-3.46492224e-05,0.77568
1.203,-0.000626155995,3.49222158e-05,0.77952
1.204,0.000628852759,-3.51986063e-05,0.78336
1.205,-0.000631572474,3.54784511e-05,0.7872
1.206,0.000634315435,-3.57618088e-05,0.79104
1.207,-0.000637081943,3.6048739e-05,0.79488
1.208,0.000639872301,-3.63393023e-05,0.79872
1.209,-0.000642686821,3.66335617e-05,0.80256
1.21,0.000645525818,-3.693158e-05,0.8064
1.211,-0.000648389613,3.72334229e-05,0.81024
1.212,0.000651278533,-3.75391563e-05,0.81408
1.213,-0.000654192911,3.78488482e-05,0.81792
1.214,0.000657133085,-3.81625679e-05,0.82176
1.215,-0.0006600994,3.84803864e-05,0.8256
1.216,0.000663092207,-3.8802376e-05,0.82944
1.217,-0.000666111862,3.91286112e-05,0.83328
1.218,0.00066915873,-3.94591669e-05,0.83712
1.219,-0.00067223318,3.97941212e-05,0.84096
1.22,0.00067533559,-4.01335531e-05,0.8448
1.221,-0.000678466343,4.04775435e-05,0.84864
1.222,0.00068162583,-4.08261752e-05,0.85248
1.223,-0.000684814449,4.1179533e-05,0.85632
1.224,0.000688032607,-4.15377036e-05,0.86016
1.225,-0.000691280715,4.19007756e-05,0.864
1.226,0.000694559196,-4.22688396e-05,0.86784
1.227,-0.000697868478,4.26419886e-05,0.87168
1.228,0.000701208998,-4.30203177e-05,0.87552
1.229,-0.000704581201,4.3403924e-05,0.87936
1.23,0.000707985541,-4.37929071e-05,0.8832
1.231,-0.000711422481,4.4187369e-05,0.88704
1.232,0.000714892492,-4.45874141e-05,0.89088
1.233,-0.000718396055,4.49931491e-05,0.89472
1.234,0.000721933661,-4.54046835e-05,0.89856
1.235,-0.000725505808,4.58221298e-05,0.9024
1.236,0.000729113007,-4.62456023e-05,0.90624
1.237,-0.000732755777,4.66752188e-05,0.91008
1.238,0.000736434649,-4.71111002e-05,0.91392
1.239,-0.000740150162,4.75533696e-05,0.91776
1.24,0.000743902868,-4.80021538e-05,0.9216
1.241,-0.000747693331,4.84575829e-05,0.92544
1.242,0.000751522124,-4.89197894e-05,0.92928
1.243,-0.000755389833,4.93889099e-05,0.93312
1.244,0.000759297056,-4.98650845e-05,0.93696
1.245,-0.000763244404,5.03484562e-05,0.9408
1.246,0.000767232498,-5.08391725e-05,0.94464
1.247,-0.000771261976,5.13373841e-05,0.94848
1.248,0.000775333487,-5.18432459e-05,0.95232
1.249,-0.000779447693,5.23569169e-05,0.95616
1.25,0.000783605272,-5.28785596e-05,0.96
1.251,-0.000787806914,5.34083419e-05,0.96384
1.252,0.000792053328,-5.39464354e-05,0.96768
1.253,-0.000796345233,5.4493016e-05,0.97152
1.254,0.000800683367,-5.50482652e-05,0.97536
1.255,-0.000805068484,5.56123687e-05,0.9792
1.256,0.000809501353,-5.61855174e-05,0.98304
1.257,-0.000813982762,5.67679076e-05,0.98688
1.258,0.000818513513,-5.73597406e-05,0.99072
1.259,-0.00082309443,5.79612233e-05,0.99456
1.26,0.000827726353,-5.8572569e-05,0.9984
1.261,-0.000832410142,5.91939957e-05,1.00224
1.262,0.000837146675,-5.98257288e-05,1.00608
1.263,-0.000841936851,6.0467999e-05,1.00992
1.264,0.000846781591,-6.11210443e-05,1.01376
1.265,-0.000851681836,6.17851089e-05,1.0176
1.266,0.000856638547,-6.24604443e-05,1.02144
1.267,-0.000861652711,6.31473091e-05,1.02528
1.268,0.000866725336,-6.38459696e-05,1.02912
1.269,-0.000871857453,6.45566996e-05,1.03296
1.27,0.000877050121,-6.52797812e-05,1.0368
1.271,-0.000882304421,6.60155045e-05,1.04064
1.272,0.00088762146,-6.67641685e-05,1.04448
1.273,-0.000893002375,6.7526081e-05,1.04832
1.274,0.000898448328,-6.8301559e-05,1.05216
1.275,-0.00090396051,6.9090929e-05,1.056
1.276,0.000909540141,-6.98945278e-05,1.05984
1.277,-0.000915188472,7.0712702e-05,1.06368
1.278,0.000920906787,-7.15458095e-05,1.06752
1.279,-0.000926696398,7.23942183e-05,1.07136
1.28,0.000932558654,-7.3258309e-05,1.0752
1.281,-0.000938494937,7.41384736e-05,1.07904
1.282,0.000944506664,-7.5035116e-05,1.08288
1.283,-0.000950595289,7.5948654e-05,1.08672
1.284,0.000956762304,-7.6879518e-05,1.09056
1.285,-0.000963009241,7.7828152e-05,1.0944
1.286,0.000969337669,-7.87950156e-05,1.09824
1.287,-0.000975749203,7.97805822e-05,1.10208
1.288,0.000982245499,-8.07853411e-05,1.10592
1.289,-0.000988828255,8.18097979e-05,1.10976
1.29,0.00099549922,-8.28544753e-05,1.1136
1.291,-0.00100226019,8.39199125e-05,1.11744
1.292,0.001009113,-8.50066682e-05,1.12128
1.293,-0.00101605955,8.61153189e-05,1.12512
1.294,0.00102310179,-8.72464622e-05,1.12896
1.295,-0.00103024172,8.84007146e-05,1.1328
1.296,0.0010374814,-8.95787154e-05,1.13664
1.297,-0.00104482294,9.07811253e-05,1.14048
1.298,0.00105226852,-9.2008629e-05,1.14432
1.299,-0.00105982039,9.32619348e-05,1.14816
1.3,0.00106748084,-9.45417768e-05,1.152
1.301,-0.00107525225,9.58489149e-05,1.15584
1.302,0.00108313707,-9.71841375e-05,1.15968
1.303,-0.0010911378,9.85482606e-05,1.16352
1.304,0.00109925705,-9.99421313e-05,1.16736
1.305,-0.00110749748,0.000101366627,1.1712
1.306,0.00111586184,-0.000102822659,1.17504
1.307,-0.00112435296,0.000104311172,1.17888
1.308,0.00113297378,-0.000105833147,1.18272
1.309,-0.0011417273,0.000107389602,1.18656
1.31,0.00115061664,-0.000108981595,1.1904
1.311,-0.001159645,0.000110610224,1.19424
1.312,0.00116881569,-0.00011227663,1.19808
1.313,-0.00117813213,0.000113982001,1.2
1.314,0.00118759785,-0.000115727569,1.2
1.315,-0.00119721649,0.000117514618,1.2
1.316,0.00120699181,-0.000119344483,1.2
1.317,-0.00121692771,0.000121218554,1.2
1.318,0.00122702821,-0.000123138276,1.2
1.319,-0.00123729746,0.000125105155,1.2
1.32,0.00124773976,-0.000127120762,1.2
1.321,-0.00125835955,0.000129186732,1.2
1.322,0.00126916145,-0.000131304769,1.2
1.323,-0.00128015022,0.000133476652,1.2
1.324,0.00129133079,-0.000135704235,1.2
1.325,-0.00130270826,0.000137989455,1.2
1.326,0.00131428794,-0.000140334333,1.2
1.327,-0.00132607532,0.00014274098,1.2
1.328,0.00133807608,-0.000145211601,1.2
1.329,-0.00135029612,0.000147748503,1.2
1.33,0.00136274157,-0.000150354095,1.2
1.331,-0.00137541879,0.000153030901,1.2
1.332,0.00138833437,-0.00015578156,1.2
1.333,-0.00140149517,0.000158608835,1.2
1.334,0.00141490832,-0.000161515621,1.2
1.335,-0.00142858121,0.000164504953,1.2
1.336,0.00144252155,-0.000167580009,1.2
1.337,-0.00145673734,0.000170744128,1.2
1.338,0.00147123693,-0.000174000809,1.2
1.339,-0.001486029,0.000177353727,1.2
1.34,0.00150112257,-0.000180806744,1.2
1.341,-0.00151652709,0.000184363917,1.2
1.342,0.00153225237,-0.000188029513,1.2
1.343,-0.00154830865,0.000191808019,1.2
1.344,0.00156470664,-0.000195704161,1.2
1.345,-0.00158145749,0.000199722913,1.2
1.346,0.00159857286,-0.000203869521,1.2
1.347,-0.00161606494,0.00020814951,1.2
1.348,0.00163394648,-0.000212568715,1.2
1.349,-0.00165223079,0.000217133292,1.2
1.35,0.00167093185,-0.000221849743,1.2
1.351,-0.00169006427,0.000226724942,1.2
1.352,0.00170964335,-0.000231766158,1.2
1.353,-0.00172968516,0.000236981083,1.2
1.354,0.00175020654,-0.000242377865,1.2
1.355,-0.0017712252,0.000247965136,1.2
1.356,0.0017927597,-0.000253752053,1.2
1.357,-0.00181482957,0.000259748331,1.2
1.358,0.00183745538,-0.00026596429,1.2
1.359,-0.00186065873,0.000272410896,1.2
1.36,0.00188446241,-0.000279099817,1.2
1.361,-0.00190889044,0.00028604347,1.2
1.362,0.00193396814,-0.000293255086,1.2
1.363,-0.00195972225,0.000300748774,1.2
1.364,0.00198618104,-0.000308539591,1.2
1.365,-0.00201337437,0.00031664362,1.2
1.366,0.00204133387,-0.000325078059,1.2
1.367,-0.00207009302,0.000333861308,1.2
1.368,0.00209968734,-0.000343013084,1.2
1.369,-0.0021301545,0.000352554526,1.2
1.37,0.00216153452,-0.000362508326,1.2
1.371,-0.00219386996,0.000372898868,1.2
1.372,0.00222720611,-0.000383752383,1.2
1.373,-0.00226159121,0.000395097121,1.2
1.374,0.00229707675,-0.000406963544,1.2
1.375,-0.00233371767,0.000419384535,1.2
1.376,0.00237157275,-0.00043239564,1.2
1.377,-0.00241070487,0.000446035328,1.2
1.378,0.00245118144,-0.000460345293,1.2
1.379,-0.00249307481,0.000475370783,1.2
1.38,0.00253646273,-0.000491160977,1.2
1.381,-0.00258142885,0.000507769405,1.2
1.382,0.00262806336,-0.000525254421,1.2
1.383,-0.0026764636,0.000543679748,1.2
1.384,0.00272673482,-0.000563115081,1.2
1.385,-0.00277899101,0.000583636785,1.2
1.386,0.00283335584,-0.000605328683,1.2
1.387,-0.00288996373,0.000628282961,1.2
1.388,0.00294896109,-0.000652601205,1.2
1.389,-0.00301050768,0.000678395584,1.2
1.39,0.00307477819,-0.000705790233,1.2
1.391,-0.00314196411,0.000734922827,1.2
1.392,0.00321227581,-0.000765946435,1.2
1.393,-0.00328594495,0.000799031654,1.2
1.394,0.00336322733,-0.000834369121,1.2
1.395,-0.00344440619,0.000872172453,1.2
1.396,0.00352979602,-0.000912681713,1.2
1.397,-0.00361974712,0.000956167513,1.2
1.398,0.00371465096,-0.00100293589,1.2
1.399,-0.00381494649,0.00105333411,1.2
1.4,0.00392112772,-0.00110775772,1.2
1.401,-0.00403375286,0.00116665892,1.2
1.402,0.00415345524,-0.00123055687,1.2
1.403,-0.0042809567,0.00130005019,1.2
1.404,0.00441708387,-0.00137583239,1.2
1.405,-0.00456278829,0.00145871096,1.2
1.406,0.0047191714,-0.00154963119,1.2
1.407,-0.00488751583,0.00164970615,1.2
1.408,0.0050693249,-0.0017602548,1.2
1.409,-0.0052663731,0.00188285075,1.2
1.41,0.0054807712,-0.00201938548,1.2
1.411,-0.0057150512,0.00217215114,1.2
1.412,0.00597227856,-0.00234395035,1.2
1.413,-0.0062562027,0.00253824383,1.2
1.414,0.0065714617,-0.00275935185,1.2
1.415,-0.00692386565,0.00301273385,1.2
1.416,0.00732079629,-0.00330538369,1.2
1.417,-0.00777178271,0.0036464003,1.2
1.418,0.00828935074,-0.00404783111,1.2
1.419,-0.00889031066,0.00452595287,1.2
1.42,0.00959777137,-0.0051032776,1.2
1.421,-0.0104444069,0.00581180946,1.2
1.422,0.0114779845,-0.00669856118,1.2
1.423,-0.0127712056,0.00783538152,1.2
1.424,0.0144403368,-0.00933756943,1.2
1.425,-0.0166832703,0.0114019148,1.2
1.426,0.0198651918,-0.0143923415,1.2
1.427,-0.0247376955,0.0190589937,1.2
1.428,0.0331079384,-0.0272073518,1.2
1.429,-0.0505040334,0.0443635815,1.2
1.43,0.102992753,-0.0965921791,1.2
1.431,-0.60130889,0.594625262,1.2
1.432,-1.77286972,1.7798625,1.2
1.433,-2.77130499,2.76397317,1.2
1.434,-3.87124612,3.87895141,1.2
1.435,-4.90236539,4.89424669,1.2
1.436,-5.98331438,5.99189321,1.2
1.437,-7.02707668,7.01798266,1.2
1.438,-8.09880249,8.10847729,1.2
1.439,-9.1497765,9.13944199,1.2
1.44,-10.2155302,10.2266205,1.2
1.441,-11.2717075,11.2597426,1.2
1.442,-12.3327085,12.345697,1.2
1.443,-13.3934285,13.379226,1.2
1.444,-14.4498892,14.4655545,1.2
1.445,-15.5153547,15.4978933,1.2
1.446,-16.5666245,16.5863432,1.2
1.447,-17.6380439,17.615405,1.2
1.448,-18.6821269,18.7086866,1.2
1.449,-19.7627368,19.7306459,1.2
1.45,-20.7942172,20.8346661,1.2
1.451,-21.893777,21.8393497,1.2
1.452,-22.8925787,22.9745367,1.2
1.453,-24.0640809,23.9086499,1.2
1.454,-24.7623149,25.3431538,1.2
1.455,-24.6423618,27.5698674,1.2
1.456,-24.7552672,29.5886477,1.2
1.457,-24.7285132,31.7231323,1.2
1.458,-24.8031681,33.779266,1.2
1.459,-24.7973584,35.8936384,1.2
1.46,-24.8587338,37.9622775,1.2
1.461,-24.862134,40.0681619,1.2
1.462,-24.9167222,42.1429134,1.2
1.463,-24.9253483,44.2442041,1.2
1.464,-24.9757773,46.3225215,1.2
1.465,-24.9878005,48.420973,1.2
1.466,-25.0353966,50.5015975,1.2
1.467,-25.0498227,52.5981425,1.2
1.468,-25.0953516,54.6803649,1.2
1.469,-25.1115775,56.7755545,1.2
1.47,-25.1555233,58.8589386,1.2
1.471,-25.173154,60.9531234,1.2
1.472,-25.2158435,63.0373835,1.2
1.473,-25.2346054,65.1307992,1.2
1.474,-25.2762703,67.2157388,1.2
1.475,-25.2959652,69.3085508,1.2
1.476,-25.3367763,71.3940296,1.2
1.477,-25.3572559,73.4863577,1.2
1.478,-25.3973431,75.5722725,1.2
1.479,-25.4184929,77.6642061,1.2
1.48,-25.4579575,79.7504792,1.2
1.481,-25.4796874,81.8420864,1.2
1.482,-25.51861,83.9286578,1.2
1.483,-25.5408476,86.0199916,1.2
1.484,-25.5792936,88.1068143,1.2
1.485,-25.6019797,90.1979166,1.2
1.486,-25.6400028,92.284953,1.2
1.487,-25.6630883,94.3758575,1.2
1.488,-25.7007335,96.4630774,1.2
1.489,-25.7241772,98.5538113,1.2
1.49,-25.7614823,100.64119,1.2
1.491,-25.7852493,102.731776,1.2
1.492,-25.8222466,104.819293,1.2
1.493,-25.8463071,106.909749,1.2
1.494,-25.8830243,108.997388,1.2
1.495,-25.9073524,111.08773,1.2
1.496,-25.9438136,113.175476,1.2
1.497,-25.9683869,115.265717,1.2
1.498,-26.004613,117.353558,1.2
1.499,-26.0294118,119.44371,1.2
1.5,-26.0654214,121.531635,1.2
1.501,-26.0904284,123.621707,1.2
1.502,-26.1262376,125.709708,1.2
1.503,-26.1514375,127.799708,1.2
1.504,-26.1870609,129.887777,1.2
1.505,-26.21244,131.977712,1.2
1.506,-26.2478905,134.065843,1.2
1.507,-26.2734366,136.15572,1.2
1.508,-26.3087257,138.243906,1.2
1.509,-26.3344278,140.33373,1.2
1.51,-26.369566,142.421967,1.2
1.511,-26.3954141,144.511743,1.2
1.512,-26.4304109,146.600026,1.2
1.513,-26.4563961,148.689757,1.2
1.514,-26.49126,150.778082,1.2
1.515,-26.517374,152.867773,1.2
1.516,-26.5521129,154.956137,1.2
1.517,-26.5783484,157.045791,1.2
1.518,-26.6129693,159.134191,1.2
1.519,-26.6393194,161.223811,1.2
1.52,-26.6738288,163.312243,1.2
1.521,-26.7002874,165.401831,1.2
1.522,-26.7346913,167.490294,1.2
1.523,-26.7612525,169.579853,1.2
1.524,-26.7955565,171.668343,1.2
1.525,-26.8222151,173.757876,1.2
1.526,-26.8564241,175.846392,1.2
1.527,-26.8831753,177.9359,1.2
1.528,-26.9172941,180.02444,1.2
1.529,-26.9441332,182.113925,1.2
1.53,-26.9781662,184.202487,1.2
1.531,-27.0050891,186.29195,1.2
1.532,-27.0390403,188.380533,1.2
1.533,-27.0660431,190.469976,1.2
1.534,-27.0999162,192.558579,1.2
1.535,-27.1269953,194.648003,1.2
1.536,-27.1607938,196.736624,1.2
1.537,-27.1879459,198.826031,1.2
1.538,-27.2216731,200.914668,1.2
1.539,-27.2488948,203.004058,1.2
1.54,-27.2825538,205.092712,1.2
1.541,-27.3098424,207.182087,1.2
1.542,-27.343436,209.270755,1.2
1.543,-27.3707886,211.360116,1.2
1.544,-27.4043195,213.448798,1.2
1.545,-27.4317335,215.538145,1.2
1.546,-27.4652042,217.626841,1.2
1.547,-27.4926771,219.716175,1.2
1.548,-27.5260901,221.804883,1.2
1.549,-27.5536197,223.894205,1.2
1.55,-27.5869771,225.982925,1.2
1.551,-27.6145612,228.072235,1.2
1.552,-27.6478651,230.160966,1.2
1.553,-27.6755017,232.250266,1.2
1.554,-27.7087541,234.339008,1.2
1.555,-27.7364412,236.428297,1.2
1.556,-27.769644,238.517049,1.2
1.557,-27.7973799,240.606328,1.2
1.558,-27.8305348,242.695089,1.2
1.559,-27.8583176,244.78436,1.2
1.56,-27.8914265,246.87313,1.2
1.561,-27.9192546,248.962392,1.2
1.562,-27.9523189,251.05117,1.2
1.563,-27.9801908,253.140424,1.2
1.564,-28.0132121,255.22921,1.2
1.565,-28.0411263,257.318456,1.2
1.566,-28.074106,259.40725,1.2
1.567,-28.1020611,261.496488,1.2
1.568,-28.1350005,263.585289,1.2
1.569,-28.1629952,265.674521,1.2
1.57,-28.1958957,267.763329,1.2
1.571,-28.2239287,269.852553,1.2
1.572,-28.2567915,271.941368,1.2
1.573,-28.2848616,274.030586,1.2
1.574,-28.3176879,276.119407,1.2
1.575,-28.3457939,278.208619,1.2
1.576,-28.3785848,280.297446,1.2
1.577,-28.4067257,282.386652,1.2
1.578,-28.4394823,284.475485,1.2
1.579,-28.467657,286.564686,1.2
1.58,-28.5003803,288.653524,1.2
1.581,-28.5285878,290.742719,1.2
1.582,-28.5612788,292.831563,1.2
1.583,-28.5895181,294.920752,1.2
1.584,-28.6221777,297.009601,1.2
1.585,-28.6504479,299.098786,1.2
1.586,-28.6830771,301.18764,1.2
1.587,-28.7113773,303.27682,1.2
1.588,-28.7439769,305.365678,1.2
1.589,-28.7723063,307.454854,1.2
1.59,-28.8048771,309.543716,1.2
1.591,-28.8332349,311.632887,1.2
1.592,-28.8657777,313.721754,1.2
1.593,-28.8941631,315.810921,1.2
1.594,-28.9266787,317.899792,1.2
1.595,-28.955091,319.988955,1.2
1.596,-28.9875801,322.07783,1.2
1.597,-29.0160184,324.16699,1.2
1.598,-29.0484818,326.255868,1.2
1.599,-29.0769456,328.345024,1.2
1.6,-29.1093838,330.433906,1.2
1.601,-29.1378724,332.523058,1.2
1.602,-29.1702862,334.611944,1.2
1.603,-29.1987989,336.701092,1.2
1.604,-29.2311888,338.789982,1.2
1.605,-29.2597251,340.879127,1.2
1.606,-29.2920918,342.968019,1.2
1.607,-29.320651,345.057161,1.2
1.608,-29.352995,347.146057,1.2
1.609,-29.3815766,349.235196,1.2
1.61,-29.4138986,351.324095,1.2
1.611,-29.4425019,353.41323,1.2
1.612,-29.4748024,355.502132,1.2
1.613,-29.503427,357.591265,1.2
1.614,-29.5357064,359.680169,1.2
1.615,-29.5643518,361.7693,1.2
1.616,-29.5966107,363.858207,1.2
1.617,-29.6252764,365.947334,1.2
1.618,-29.6575153,368.036244,1.2
1.619,-29.6862007,370.125369,1.2
1.62,-29.7184201,372.214282,1.2
1.621,-29.7471248,374.303404,1.2
1.622,-29.7793251,376.392319,1.2
1.623,-29.8080487,378.481439,1.2
1.624,-29.8402303,380.570356,1.2
1.625,-29.8689724,382.659473,1.2
1.626,-29.9011358,384.748393,1.2
1.627,-29.9298958,386.837508,1.2
1.628,-29.9620414,388.92643,1.2
1.629,-29.9908191,391.015543,1.2
1.63,-30.0229473,393.104468,1.2
1.631,-30.0517421,395.193578,1.2
1.632,-30.0838534,397.282505,1.2
1.633,-30.112665,399.371613,1.2
1.634,-30.1447596,401.460542,1.2
1.635,-30.1735876,403.549648,1.2
1.636,-30.205666,405.638579,1.2
1.637,-30.2345101,407.727683,1.2
1.638,-30.2665727,409.816616,1.2
1.639,-30.2954324,411.905718,1.2
1.64,-30.3274794,413.994653,1.2
1.641,-30.3563546,416.083754,1.2
1.642,-30.3883864,418.17269,1.2
1.643,-30.4172765,420.261789,1.2
1.644,-30.4492935,422.350727,1.2
1.645,-30.4781983,424.439824,1.2
1.646,-30.5102008,426.528764,1.2
1.647,-30.5391199,428.617859,1.2
1.648,-30.5711083,430.706801,1.2
1.649,-30.6000414,432.795894,1.2
1.65,-30.6320159,434.884837,1.2
1.651,-30.6609627,436.973929,1.2
1.652,-30.6929237,439.062874,1.2
1.653,-30.7218839,441.151965,1.2
1.654,-30.7538316,443.240911,1.2
1.655,-30.7828049,445.33,1.2
1.656,-30.8147397,447.418948,1.2
1.657,-30.8437258,449.508035,1.2
1.658,-30.8756479,451.596985,1.2
1.659,-30.9046465,453.68607,1.2
1.66,-30.9365563,455.775022,1.2
1.661,-30.965567,457.864105,1.2
1.662,-30.9974648,459.953059,1.2
1.663,-31.0264875,462.042141,1.2
1.664,-31.0583734,464.131095,1.2
1.665,-31.0874077,466.220176,1.2
1.666,-31.1192822,468.309132,1.2
1.667,-31.1483279,470.398211,1.2
1.668,-31.1801912,472.487169,1.2
1.669,-31.2092478,474.576246,1.2
1.67,-31.2411003,476.665206,1.2
1.671,-31.2701677,478.754282,1.2
1.672,-31.3020095,480.843243,1.2
1.673,-31.3310874,482.932317,1.2
1.674,-31.3629189,485.02128,1.2
1.675,-31.3920069,487.110352,1.2
1.676,-31.4238285,489.199316,1.2
1.677,-31.4529263,491.288387,1.2
1.678,-31.4847382,493.377353,1.2
1.679,-31.5138455,495.466423,1.2
1.68,-31.545648,497.55539,1.2
1.681,-31.5747646,499.644458,1.2
1.682,-31.6065581,501.733427,1.2
1.683,-31.6356834,503.822493,1.2
1.684,-31.6674683,505.911464,1.2
1.685,-31.6966021,508.000528,1.2
1.686,-31.7283787,510.089501,1.2
1.687,-31.7575207,512.178563,1.2
1.688,-31.7892893,514.267538,1.2
1.689,-31.818439,516.356598,1.2
1.69,-31.8502001,518.445575,1.2
1.691,-31.8793571,520.534633,1.2
1.692,-31.9111111,522.623613,1.2
1.693,-31.9402749,524.712668,1.2
1.694,-31.9720224,526.80165,1.2
1.695,-32.0011926,528.890702,1.2
1.696,-32.0329339,530.979687,1.2
1.697,-32.0621099,533.068737,1.2
1.698,-32.0938457,535.157725,1.2
1.699,-32.1230269,537.246772,1.2
1.7,-32.1547579,539.335763,1.2
1.701,-32.1839435,541.424806,1.2
1.702,-32.2156705,543.513801,1.2
1.703,-32.2448597,545.60284,1.2
1.704,-32.2765835,547.691839,1.2
1.705,-32.3057754,549.780873,1.2
1.706,-32.3374971,551.869877,1.2
1.707,-32.3666906,553.958907,1.2
1.708,-32.3984113,556.047916,1.2
1.709,-32.427605,558.13694,1.2
1.71,-32.4593263,560.225956,1.2
1.711,-32.4885186,562.314972,1.2
1.712,-32.5202422,564.403996,1.2
1.713,-32.5494311,566.493003,1.2
1.714,-32.5811593,568.582037,1.2
1.715,-32.6103423,570.671034,1.2
1.716,-32.6420779,572.76008,1.2
1.717,-32.6712518,574.849063,1.2
1.718,-32.7029985,576.938123,1.2
1.719,-32.732159,579.02709,1.2
1.72,-32.7639217,581.11617,1.2
1.721,-32.7930631,583.205114,1.2
1.722,-32.8248486,585.294219,1.2
1.723,-32.8539629,587.383135,1.2
1.724,-32.8857807,589.472273,1.2
1.725,-32.9148564,591.56115,1.2
1.726,-32.9467204,593.650334,1.2
1.727,-32.9757404,595.739156,1.2
1.728,-33.007672,597.828406,1.2
1.729,-33.0366094,599.917148,1.2
1.73,-33.0686431,602.006497,1.2
1.731,-33.0974526,604.095115,1.2
1.732,-33.1296489,606.184621,1.2
1.733,-33.1582479,608.273036,1.2
1.734,-33.1907228,610.362812,1.2
1.735,-33.2189427,612.450858,1.2
1.736,-33.2519515,614.541156,1.2
1.737,-33.2793858,616.62843,1.2
1.738,-33.3136189,618.719936,1.2
1.739,-33.3389891,620.805164,1.2
1.74,-33.3771241,622.900552,1.2
1.741,-33.3936452,624.976955,1.2
1.742,-33.4600945,627.100628,1.2
1.743,-33.2141031,628.914553,1.2
1.744,-32.3076719,630.065306,1.2
1.745,-31.2520916,631.069687,1.2
1.746,-30.2343969,632.109124,1.2
1.747,-29.198291,633.133042,1.2
1.748,-28.1737438,634.165553,1.2
1.749,-27.140819,635.192739,1.2
1.75,-26.1145553,636.223429,1.2
1.751,-25.0826428,637.251753,1.2
1.752,-24.0557529,638.281664,1.2
1.753,-23.0242311,639.310567,1.2
1.754,-21.9971095,640.340012,1.2
1.755,-20.965699,641.369323,1.2
1.756,-19.9385701,642.398377,1.2
1.757,-18.9070632,643.428096,1.2
1.758,-17.8801508,644.456686,1.2
1.759,-16.8482686,645.486982,1.2
1.76,-15.8219665,646.514794,1.2
1.761,-14.7890884,647.546225,1.2
1.762,-13.7644864,648.57222,1.2
1.763,-12.7284407,649.60692,1.2
1.764,-11.7106971,650.62597,1.2
1.765,-10.6550254,651.68037,1.2
1.766,-9.75158861,652.585047,1.2
1.767,-9.49193425,652.843488,1.2
1.768,-9.52688363,652.809728,1.2
1.769,-9.51329974,652.822145,1.2
1.77,-9.52076915,652.815822,1.2
1.771,-9.51584404,652.819619,1.2
1.772,-9.51947535,652.8171,1.2
1.773,-9.51659068,652.818887,1.2
1.774,-9.51900507,652.817556,1.2
1.775,-9.51690657,652.818584,1.2
1.776,-9.51878215,652.817767,1.2
1.777,-9.51707018,652.818431,1.2
1.778,-9.51865818,652.817881,1.2
1.779,-9.51716664,652.818344,1.2
1.78,-9.51858141,652.817949,1.2
1.781,-9.51722892,652.818291,1.2
1.782,-9.51853003,652.817992,1.2
1.783,-9.51727194,652.818255,1.2
1.784,-9.51849354,652.818021,1.2
1.785,-9.51730325,652.818231,1.2
1.786,-9.51846638,652.818042,1.2
1.787,-9.51732703,652.818213,1.2
1.788,-9.51844539,652.818057,1.2
1.789,-9.51734571,652.8182,1.2
1.79,-9.51842864,652.818068,1.2
1.791,-9.51736082,652.81819,1.2
1.792,-9.51841493,652.818077,1.2
1.793,-9.51737334,652.818183,1.2
1.794,-9.51840344,652.818084,1.2
1.795,-9.51738394,652.818177,1.2
1.796,-9.51839362,652.818089,1.2
1.797,-9.51739307,652.818172,1.2
1.798,-9.51838509,652.818093,1.2
1.799,-9.51740107,652.818168,1.2
1.8,-9.51837757,652.818097,1.2
1.801,-9.51740816,652.818165,1.2
1.802,-9.51837086,652.8181,1.2
1.803,-9.51741453,652.818162,1.2
1.804,-9.51836479,652.818102,1.2
1.805,-9.51742031,652.81816,1.2
1.806,-9.51835927,652.818104,1.2
1.807,-9.51742561,652.818158,1.2
1.808,-9.51835418,652.818106,1.2
1.809,-9.5174305,652.818156,1.2
1.81,-9.51834947,652.818108,1.2
1.811,-9.51743504,652.818155,1.2
1.812,-9.51834508,652.818109,1.2
1.813,-9.5174393,652.818154,1.2
1.814,-9.51834096,652.81811,1.2
1.815,-9.5174433,652.818153,1.2
1.816,-9.51833707,652.818111,1.2
1.817,-9.51744708,652.818152,1.2
1.818,-9.51833338,652.818112,1.2
1.819,-9.51745068,652.818151,1.2
1.82,-9.51832987,652.818113,1.2
1.821,-9.51745411,652.81815,1.2
1.822,-9.51832651,652.818114,1.2
1.823,-9.51745739,652.818149,1.2
1.824,-9.5183233,652.818114,1.2
1.825,-9.51746054,652.818149,1.2
1.826,-9.51832021,652.818115,1.2
1.827,-9.51746357,652.818148,1.2
1.828,-9.51831723,652.818115,1.2
1.829,-9.5174665,652.818148,1.2
1.83,-9.51831436,652.818116,1.2
1.831,-9.51746933,652.818147,1.2
1.832,-9.51831157,652.818116,1.2
1.833,-9.51747207,652.818147,1.2
1.834,-9.51830887,652.818117,1.2
1.835,-9.51747473,652.818146,1.2
1.836,-9.51830625,652.818117,1.2
1.837,-9.51747732,652.818146,1.2
1.838,-9.51830369,652.818117,1.2
1.839,-9.51747984,652.818146,1.2
1.84,-9.5183012,652.818118,1.2
1.841,-9.5174823,652.818145,1.2
1.842,-9.51829877,652.818118,1.2
1.843,-9.5174847,652.818145,1.2
1.844,-9.5182964,652.818118,1.2
1.845,-9.51748705,652.818145,1.2
1.846,-9.51829408,652.818118,1.2
1.847,-9.51748934,652.818145,1.2
1.848,-9.51829181,652.818119,1.2
1.849,-9.51749159,652.818144,1.2
1.85,-9.51828959,652.818119,1.2
1.851,-9.51749379,652.818144,1.2
1.852,-9.51828741,652.818119,1.2
1.853,-9.51749595,652.818144,1.2
1.854,-9.51828527,652.818119,1.2
1.855,-9.51749807,652.818144,1.2
1.856,-9.51828317,652.81812,1.2
1.857,-9.51750015,652.818144,1.2
1.858,-9.5182811,652.81812,1.2
1.859,-9.5175022,652.818143,1.2
1.86,-9.51827907,652.81812,1.2
1.861,-9.51750421,652.818143,1.2
1.862,-9.51827708,652.81812,1.2
1.863,-9.51750619,652.818143,1.2
1.864,-9.51827511,652.81812,1.2
1.865,-9.51750814,652.818143,1.2
1.866,-9.51827318,652.81812,1.2
1.867,-9.51751006,652.818143,1.2
1.868,-9.51827128,652.818121,1.2
1.869,-9.51751195,652.818143,1.2
1.87,-9.5182694,652.818121,1.2
1.871,-9.51751381,652.818142,1.2
1.872,-9.51826755,652.818121,1.2
1.873,-9.51751565,652.818142,1.2
1.874,-9.51826573,652.818121,1.2
1.875,-9.51751746,652.818142,1.2
1.876,-9.51826393,652.818121,1.2
1.877,-9.51751924,652.818142,1.2
1.878,-9.51826216,652.818121,1.2
1.879,-9.517521,652.818142,1.2
1.88,-9.51826041,652.818121,1.2
1.881,-9.51752274,652.818142,1.2
1.882,-9.51825868,652.818121,1.2
1.883,-9.51752446,652.818142,1.2
1.884,-9.51825698,652.818122,1.2
1.885,-9.51752615,652.818142,1.2
1.886,-9.51825529,652.818122,1.2
1.887,-9.51752782,652.818142,1.2
1.888,-9.51825363,652.818122,1.2
1.889,-9.51752948,652.818141,1.2
1.89,-9.51825199,652.818122,1.2
1.891,-9.51753111,652.818141,1.2
1.892,-9.51825036,652.818122,1.2
1.893,-9.51753272,652.818141,1.2
1.894,-9.51824876,652.818122,1.2
1.895,-9.51753432,652.818141,1.2
1.896,-9.51824717,652.818122,1.2
1.897,-9.5175359,652.818141,1.2
1.898,-9.51824561,652.818122,1.2
1.899,-9.51753745,652.818141,1.2
1.9,-9.51824406,652.818122,1.2
1.901,-9.517539,652.818141,1.2
1.902,-9.51824252,652.818122,1.2
1.903,-9.51754052,652.818141,1.2
1.904,-9.51824101,652.818122,1.2
1.905,-9.51754203,652.818141,1.2
1.906,-9.51823951,652.818122,1.2
1.907,-9.51754352,652.818141,1.2
1.908,-9.51823802,652.818123,1.2
1.909,-9.517545,652.818141,1.2
1.91,-9.51823655,652.818123,1.2
1.911,-9.51754646,652.818141,1.2
1.912,-9.5182351,652.818123,1.2
1.913,-9.5175479,652.81814,1.2
1.914,-9.51823366,652.818123,1.2
1.915,-9.51754933,652.81814,1.2
1.916,-9.51823224,652.818123,1.2
1.917,-9.51755075,652.81814,1.2
1.918,-9.51823083,652.818123,1.2
1.919,-9.51755215,652.81814,1.2
1.92,-9.51822944,652.818123,1.2
1.921,-9.51755354,652.81814,1.2
1.922,-9.51822806,652.818123,1.2
1.923,-9.51755491,652.81814,1.2
1.924,-9.51822669,652.818123,1.2
1.925,-9.51755627,652.81814,1.2
1.926,-9.51822534,652.818123,1.2
1.927,-9.51755762,652.81814,1.2
1.928,-9.518224,652.818123,1.2
1.929,-9.51755895,652.81814,1.2
1.93,-9.51822267,652.818123,1.2
1.931,-9.51756027,652.81814,1.2
1.932,-9.51822136,652.818123,1.2
1.933,-9.51756158,652.81814,1.2
1.934,-9.51822005,652.818123,1.2
1.935,-9.51756288,652.81814,1.2
1.936,-9.51821876,652.818123,1.2
1.937,-9.51756416,652.81814,1.2
1.938,-9.51821749,652.818123,1.2
1.939,-9.51756543,652.81814,1.2
1.94,-9.51821622,652.818124,1.2
1.941,-9.51756669,652.81814,1.2
1.942,-9.51821497,652.818124,1.2
1.943,-9.51756794,652.81814,1.2
1.944,-9.51821372,652.818124,1.2
1.945,-9.51756918,652.81814,1.2
1.946,-9.51821249,652.818124,1.2
1.947,-9.5175704,652.81814,1.2
1.948,-9.51821127,652.818124,1.2
1.949,-9.51757162,652.818139,1.2
1.95,-9.51821006,652.818124,1.2
1.951,-9.51757282,652.818139,1.2
1.952,-9.51820886,652.818124,1.2
1.953,-9.51757402,652.818139,1.2
1.954,-9.51820767,652.818124,1.2
1.955,-9.5175752,652.818139,1.2
1.956,-9.5182065,652.818124,1.2
1.957,-9.51757637,652.818139,1.2
1.958,-9.51820533,652.818124,1.2
1.959,-9.51757753,652.818139,1.2
1.96,-9.51820417,652.818124,1.2
1.961,-9.51757869,652.818139,1.2
1.962,-9.51820302,652.818124,1.2
1.963,-9.51757983,652.818139,1.2
1.964,-9.51820189,652.818124,1.2
1.965,-9.51758096,652.818139,1.2
1.966,-9.51820076,652.818124,1.2
1.967,-9.51758208,652.818139,1.2
1.968,-9.51819964,652.818124,1.2
1.969,-9.5175832,652.818139,1.2
1.97,-9.51819853,652.818124,1.2
1.971,-9.5175843,652.818139,1.2
1.972,-9.51819743,652.818124,1.2
1.973,-9.51758539,652.818139,1.2
1.974,-9.51819635,652.818124,1.2
1.975,-9.51758648,652.818139,1.2
1.976,-9.51819526,652.818124,1.2
1.977,-9.51758756,652.818139,1.2
1.978,-9.51819419,652.818124,1.2
1.979,-9.51758862,652.818139,1.2
1.98,-9.51819313,652.818124,1.2
1.981,-9.51758968,652.818139,1.2
1.982,-9.51819208,652.818124,1.2
1.983,-9.51759073,652.818139,1.2
1.984,-9.51819103,652.818124,1.2
1.985,-9.51759177,652.818139,1.2
1.986,-9.51818999,652.818124,1.2
1.987,-9.5175928,652.818139,1.2
1.988,-9.51818897,652.818124,1.2
1.989,-9.51759383,652.818139,1.2
1.99,-9.51818795,652.818124,1.2
1.991,-9.51759484,652.818139,1.2
1.992,-9.51818693,652.818125,1.2
1.993,-9.51759585,652.818139,1.2
1.994,-9.51818593,652.818125,1.2
1.995,-9.51759685,652.818139,1.2
1.996,-9.51818494,652.818125,1.2
1.997,-9.51759784,652.818139,1.2
1.998,-9.51818395,652.818125,1.2
1.999,-9.51759883,652.818139,1.2
2,-9.51818297,652.818125,1.2
2.001,-9.5175998,652.818139,1.2
2.002,-9.518182,652.818125,1.2
2.003,-9.51760077,652.818139,1.2
2.004,-9.51818103,652.818125,1.2
2.005,-9.51760173,652.818139,1.2
2.006,-9.51818008,652.818125,1.2
2.007,-9.51760268,652.818139,1.2
2.008,-9.51817913,652.818125,1.2
2.009,-9.51760363,652.818139,1.2
2.01,-9.51817819,652.818125,1.2
2.011,-9.51760456,652.818138,1.2
2.012,-9.51817725,652.818125,1.2
2.013,-9.51760549,652.818138,1.2
2.014,-9.51817633,652.818125,1.2
2.015,-9.51760642,652.818138,1.2
2.016,-9.51817541,652.818125,1.2
2.017,-9.51760733,652.818138,1.2
2.018,-9.51817449,652.818125,1.2
2.019,-9.51760824,652.818138,1.2
2.02,-9.51817359,652.818125,1.2
2.021,-9.51760914,652.818138,1.2
2.022,-9.51817269,652.818125,1.2
2.023,-9.51761004,652.818138,1.2
2.024,-9.5181718,652.818125,1.2
2.025,-9.51761093,652.818138,1.2
2.026,-9.51817091,652.818125,1.2
2.027,-9.51761181,652.818138,1.2
2.028,-9.51817004,652.818125,1.2
2.029,-9.51761268,652.818138,1.2
2.03,-9.51816917,652.818125,1.2
2.031,-9.51761355,652.818138,1.2
2.032,-9.5181683,652.818125,1.2
2.033,-9.51761441,652.818138,1.2
2.034,-9.51816744,652.818125,1.2
2.035,-9.51761527,652.818138,1.2
2.036,-9.51816659,652.818125,1.2
2.037,-9.51761611,652.818138,1.2
2.038,-9.51816575,652.818125,1.2
2.039,-9.51761696,652.818138,1.2
2.04,-9.51816491,652.818125,1.2
2.041,-9.51761779,652.818138,1.2
2.042,-9.51816408,652.818125,1.2
2.043,-9.51761862,652.818138,1.2
2.044,-9.51816325,652.818125,1.2
2.045,-9.51761944,652.818138,1.2
2.046,-9.51816243,652.818125,1.2
2.047,-9.51762026,652.818138,1.2
2.048,-9.51816162,652.818125,1.2
2.049,-9.51762107,652.818138,1.2
2.05,-9.51816081,652.818125,1.2
2.051,-9.51762187,652.818138,1.2
2.052,-9.51816001,652.818125,1.2
2.053,-9.51762267,652.818138,1.2
2.054,-9.51815922,652.818125,1.2
2.055,-9.51762346,652.818138,1.2
2.056,-9.51815843,652.818125,1.2
2.057,-9.51762425,652.818138,1.2
2.058,-9.51815764,652.818125,1.2
2.059,-9.51762503,652.818138,1.2
2.06,-9.51815687,652.818125,1.2
2.061,-9.5176258,652.818138,1.2
2.062,-9.51815609,652.818125,1.2
2.063,-9.51762657,652.818138,1.2
2.064,-9.51815533,652.818125,1.2
2.065,-9.51762733,652.818138,1.2
2.066,-9.51815457,652.818125,1.2
2.067,-9.51762809,652.818138,1.2
2.068,-9.51815381,652.818125,1.2
2.069,-9.51762884,652.818138,1.2
2.07,-9.51815307,652.818125,1.2
2.071,-9.51762959,652.818138,1.2
2.072,-9.51815232,652.818125,1.2
2.073,-9.51763033,652.818138,1.2
2.074,-9.51815158,652.818125,1.2
2.075,-9.51763106,652.818138,1.2
2.076,-9.51815085,652.818125,1.2
2.077,-9.51763179,652.818138,1.2
2.078,-9.51815013,652.818125,1.2
2.079,-9.51763252,652.818138,1.2
2.08,-9.51814941,652.818125,1.2
2.081,-9.51763324,652.818138,1.2
2.082,-9.51814869,652.818125,1.2
2.083,-9.51763395,652.818138,1.2
2.084,-9.51814798,652.818125,1.2
2.085,-9.51763466,652.818138,1.2
2.086,-9.51814727,652.818125,1.2
2.087,-9.51763536,652.818138,1.2
2.088,-9.51814658,652.818125,1.2
2.089,-9.51763606,652.818138,1.2
2.09,-9.51814588,652.818125,1.2
2.091,-9.51763675,652.818138,1.2
2.092,-9.51814519,652.818125,1.2
2.093,-9.51763743,652.818138,1.2
2.094,-9.51814451,652.818125,1.2
2.095,-9.51763811,652.818138,1.2
2.096,-9.51814383,652.818125,1.2
2.097,-9.51763879,652.818138,1.2
2.098,-9.51814316,652.818125,1.2
2.099,-9.51763946,652.818138,1.2
2.1,-9.51814249,652.818125,1.2
2.101,-9.51764013,652.818138,1.2
2.102,-9.51814182,652.818125,1.2
2.103,-9.51764079,652.818138,1.2
2.104,-9.51814117,652.818125,1.2
2.105,-9.51764144,652.818138,1.2
2.106,-9.51814051,652.818125,1.2
2.107,-9.51764209,652.818138,1.2
2.108,-9.51813986,652.818125,1.2
2.109,-9.51764274,652.818138,1.2
2.11,-9.51813922,652.818125,1.2
2.111,-9.51764338,652.818138,1.2
2.112,-9.51813858,652.818125,1.2
2.113,-9.51764402,652.818138,1.2
2.114,-9.51813795,652.818125,1.2
2.115,-9.51764465,652.818138,1.2
2.116,-9.51813732,652.818125,1.2
2.117,-9.51764527,652.818138,1.2
2.118,-9.5181367,652.818125,1.2
2.119,-9.51764589,652.818138,1.2
2.12,-9.51813608,652.818125,1.2
2.121,-9.51764651,652.818138,1.2
2.122,-9.51813547,652.818125,1.2
2.123,-9.51764712,652.818138,1.2
2.124,-9.51813486,652.818125,1.2
2.125,-9.51764773,652.818138,1.2
2.126,-9.51813425,652.818125,1.2
2.127,-9.51764833,652.818138,1.2
2.128,-9.51813366,652.818125,1.2
2.129,-9.51764892,652.818138,1.2
2.13,-9.51813306,652.818125,1.2
2.131,-9.51764952,652.818138,1.2
2.132,-9.51813247,652.818125,1.2
2.133,-9.5176501,652.818138,1.2
2.134,-9.51813189,652.818125,1.2
2.135,-9.51765068,652.818138,1.2
2.136,-9.51813131,652.818125,1.2
2.137,-9.51765126,652.818138,1.2
2.138,-9.51813074,652.818125,1.2
2.139,-9.51765183,652.818138,1.2
2.14,-9.51813017,652.818125,1.2
2.141,-9.5176524,652.818138,1.2
2.142,-9.5181296,652.818125,1.2
2.143,-9.51765296,652.818138,1.2
2.144,-9.51812904,652.818125,1.2
2.145,-9.51765352,652.818138,1.2
2.146,-9.51812849,652.818125,1.2
2.147,-9.51765407,652.818138,1.2
2.148,-9.51812794,652.818125,1.2
2.149,-9.51765462,652.818138,1.2
2.15,-9.51812739,652.818125,1.2
2.151,-9.51765516,652.818138,1.2
2.152,-9.51812685,652.818125,1.2
2.153,-9.5176557,652.818138,1.2
2.154,-9.51812632,652.818125,1.2
2.155,-9.51765623,652.818138,1.2
2.156,-9.51812579,652.818125,1.2
2.157,-9.51765676,652.818138,1.2
2.158,-9.51812526,652.818125,1.2
2.159,-9.51765728,652.818138,1.2
2.16,-9.51812474,652.818125,1.2
2.161,-9.5176578,652.818138,1.2
2.162,-9.51812423,652.818125,1.2
2.163,-9.51765831,652.818138,1.2
2.164,-9.51812372,652.818125,1.2
2.165,-9.51765882,652.818139,1.2
2.166,-9.51812321,652.818125,1.2
2.167,-9.51765932,652.818139,1.2
2.168,-9.51812271,652.818125,1.2
2.169,-9.51765982,652.818139,1.2
2.17,-9.51812222,652.818125,1.2
2.171,-9.51766031,652.818139,1.2
2.172,-9.51812173,652.818125,1.2
2.173,-9.5176608,652.818139,1.2
2.174,-9.51812124,652.818125,1.2
2.175,-9.51766128,652.818139,1.2
2.176,-9.51812076,652.818125,1.2
2.177,-9.51766176,652.818139,1.2
2.178,-9.51812029,652.818125,1.2
2.179,-9.51766223,652.818139,1.2
2.18,-9.51811982,652.818125,1.2
2.181,-9.51766269,652.818139,1.2
2.182,-9.51811936,652.818124,1.2
2.183,-9.51766315,652.818139,1.2
2.184,-9.5181189,652.818124,1.2
2.185,-9.51766361,652.818139,1.2
2.186,-9.51811845,652.818124,1.2
2.187,-9.51766406,652.818139,1.2
2.188,-9.51811801,652.818124,1.2
2.189,-9.5176645,652.818139,1.2
2.19,-9.51811757,652.818124,1.2
2.191,-9.51766494,652.818139,1.2
2.192,-9.51811713,652.818124,1.2
2.193,-9.51766537,652.818139,1.2
2.194,-9.5181167,652.818124,1.2
2.195,-9.51766579,652.818139,1.2
2.196,-9.51811628,652.818124,1.2
2.197,-9.51766621,652.818139,1.2
2.198,-9.51811587,652.818124,1.2
2.199,-9.51766662,652.818139,1.2
2.2,-9.51811546,652.818124,1.2
2.201,-9.51766703,652.818139,1.2
2.202,-9.51811506,652.818124,1.2
2.203,-9.51766743,652.818139,1.2
2.204,-9.51811466,652.818124,1.2
2.205,-9.51766782,652.818139,1.2
2.206,-9.51811427,652.818124,1.2
2.207,-9.5176682,652.818139,1.2
2.208,-9.51811389,652.818124,1.2
2.209,-9.51766858,652.818139,1.2
2.21,-9.51811352,652.818124,1.2
2.211,-9.51766895,652.818139,1.2
2.212,-9.51811315,652.818124,1.2
2.213,-9.51766931,652.818139,1.2
2.214,-9.51811279,652.818124,1.2
2.215,-9.51766967,652.818139,1.2
2.216,-9.51811244,652.818124,1.2
2.217,-9.51767001,652.818139,1.2
2.218,-9.5181121,652.818124,1.2
2.219,-9.51767035,652.818139,1.2
2.22,-9.51811177,652.818124,1.2
2.221,-9.51767068,652.81814,1.2
2.222,-9.51811145,652.818124,1.2
2.223,-9.517671,652.81814,1.2
2.224,-9.51811113,652.818124,1.2
2.225,-9.5176713,652.81814,1.2
2.226,-9.51811083,652.818124,1.2
2.227,-9.5176716,652.81814,1.2
2.228,-9.51811054,652.818124,1.2
2.229,-9.51767189,652.81814,1.2
2.23,-9.51811025,652.818124,1.2
2.231,-9.51767217,652.81814,1.2
2.232,-9.51810998,652.818123,1.2
2.233,-9.51767243,652.81814,1.2
2.234,-9.51810973,652.818123,1.2
2.235,-9.51767268,652.81814,1.2
2.236,-9.51810948,652.818123,1.2
2.237,-9.51767292,652.81814,1.2
2.238,-9.51810925,652.818123,1.2
2.239,-9.51767314,652.81814,1.2
2.24,-9.51810904,652.818123,1.2
2.241,-9.51767335,652.81814,1.2
2.242,-9.51810884,652.818123,1.2
2.243,-9.51767354,652.81814,1.2
2.244,-9.51810866,652.818123,1.2
2.245,-9.51767371,652.81814,1.2
2.246,-9.5181085,652.818123,1.2
2.247,-9.51767386,652.81814,1.2
2.248,-9.51810836,652.818123,1.2
2.249,-9.51767398,652.81814,1.2
2.25,-9.51810825,652.818123,1.2
2.251,-9.51767409,652.81814,1.2
2.252,-9.51810816,652.818123,1.2
2.253,-9.51767416,652.81814,1.2
2.254,-9.5181081,652.818123,1.2
2.255,-9.5176742,652.81814,1.2
2.256,-9.51810807,652.818123,1.2
2.257,-9.51767421,652.81814,1.2
2.258,-9.51810808,652.818123,1.2
2.259,-9.51767418,652.81814,1.2
2.26,-9.51810814,652.818123,1.2
2.261,-9.5176741,652.81814,1.2
2.262,-9.51810824,652.818124,1.2
2.263,-9.51767397,652.81814,1.2
2.264,-9.51810841,652.818124,1.2
2.265,-9.51767376,652.818139,1.2
2.266,-9.51810865,652.818124,1.2
2.267,-9.51767348,652.818139,1.2
2.268,-9.51810897,652.818124,1.2
2.269,-9.51767311,652.818139,1.2
2.27,-9.51810941,652.818125,1.2
2.271,-9.5176726,652.818138,1.2
2.272,-9.51810999,652.818125,1.2
2.273,-9.51767194,652.818138,1.2
2.274,-9.51811076,652.818126,1.2
2.275,-9.51767105,652.818137,1.2
2.276,-9.51811178,652.818126,1.2
2.277,-9.51766986,652.818136,1.2
2.278,-9.51811317,652.818128,1.2
2.279,-9.51766823,652.818135,1.2
2.28,-9.51811511,652.818129,1.2
2.281,-9.5176659,652.818133,1.2
2.282,-9.51811795,652.818132,1.2
2.283,-9.51766237,652.81813,1.2
2.284,-9.51812242,652.818136,1.2
2.285,-9.51765654,652.818124,1.2
2.286,-9.51813033,652.818144,1.2
2.287,-9.51764525,652.818113,1.2
2.288,-9.51814767,652.818161,1.2
2.289,-9.51761538,652.818084,1.2
2.29,-9.51821027,652.818223,1.2
2.291,-9.5174155,652.817884,1.2
2.292,-9.52425994,652.824272,1.2
2.293,-9.53091553,652.831385,1.2
2.294,-9.53810165,652.838113,1.2
2.295,-9.54465007,652.84512,1.2
2.296,-9.55188869,652.851899,1.2
2.297,-9.55840587,652.858876,1.2
2.298,-9.56566529,652.865675,1.2
2.299,-9.57216757,652.872639,1.2
2.3,-9.57943823,652.879447,1.2
2.301,-9.58593168,652.886404,1.2
2.302,-9.59320952,652.893218,1.2
2.303,-9.59969697,652.90017,1.2
2.304,-9.60697992,652.906987,1.2
2.305,-9.61346293,652.913937,1.2
2.306,-9.62074982,652.920756,1.2
2.307,-9.62722928,652.927704,1.2
2.308,-9.63451942,652.934525,1.2
2.309,-9.64099586,652.941472,1.2
2.31,-9.64828883,652.948293,1.2
2.311,-9.65476259,652.95524,1.2
2.312,-9.66205814,652.962061,1.2
2.313,-9.66852939,652.969009,1.2
2.314,-9.6758274,652.975828,1.2
2.315,-9.68229622,652.982777,1.2
2.316,-9.68959665,652.989596,1.2
2.317,-9.69606304,652.996546,1.2
2.318,-9.70336592,653.003363,1.2
2.319,-9.70982982,653.010315,1.2
2.32,-9.71713526,653.01713,1.2
2.321,-9.72359652,653.024084,1.2
2.322,-9.73090468,653.030897,1.2
2.323,-9.73736313,653.037853,1.2
2.324,-9.74467421,653.044664,1.2
2.325,-9.7511296,653.051622,1.2
2.326,-9.7584439,653.05843,1.2
2.327,-9.7648959,653.065392,1.2
2.328,-9.77221378,653.072197,1.2
2.329,-9.77866199,653.079162,1.2
2.33,-9.78598389,653.085963,1.2
2.331,-9.79242781,653.092932,1.2
2.332,-9.7997543,653.099728,1.2
2.333,-9.80619331,653.106703,1.2
2.334,-9.81352507,653.113494,1.2
2.335,-9.8199584,653.120474,1.2
2.336,-9.8272963,653.127258,1.2
2.337,-9.83372298,653.134245,1.2
2.338,-9.84106811,653.141023,1.2
2.339,-9.84748689,653.148018,1.2
2.34,-9.85484068,653.154786,1.2
2.341,-9.86124993,653.161791,1.2
2.342,-9.86861426,653.168548,1.2
2.343,-9.87501181,653.175565,1.2
2.344,-9.88238919,653.182309,1.2
2.345,-9.88877209,653.189341,1.2
2.346,-9.89616602,653.196069,1.2
2.347,-9.90253008,653.203119,1.2
2.348,-9.90994565,653.209825,1.2
2.349,-9.91628462,653.216901,1.2
2.35,-9.92372959,653.223577,1.2
2.351,-9.93003366,653.230688,1.2
2.352,-9.93752072,653.237322,1.2
2.353,-9.94377308,653.244485,1.2
2.354,-9.95132513,653.251053,1.2
2.355,-9.95749342,653.258301,1.2
2.356,-9.96515837,653.264756,1.2
2.357,-9.97116715,653.272164,1.2
2.358,-9.97907435,653.278375,1.2
2.359,-9.98467164,653.286195,1.2
2.36,-9.99343117,653.291555,1.2
2.361,-9.99621436,653.302189,1.2
2.362,-9.96463671,653.347885,1.2
2.363,-9.93639374,653.389546,1.2
2.364,-9.90671539,653.433342,1.2
2.365,-9.87778693,653.475689,1.2
2.366,-9.84846187,653.519131,1.2
2.367,-9.81931808,653.561694,1.2
2.368,-9.7901379,653.604991,1.2
2.369,-9.76089004,653.647659,1.2
2.37,-9.73178818,653.690877,1.2
2.371,-9.70247929,653.733606,1.2
2.372,-9.67342629,653.776774,1.2
2.373,-9.64407742,653.819544,1.2
2.374,-9.6150577,653.862679,1.2
2.375,-9.58568072,653.905477,1.2
2.376,-9.55668506,653.948587,1.2
2.377,-9.52728728,653.991407,1.2
2.378,-9.49830975,654.034498,1.2
2.379,-9.46889603,654.077334,1.2
2.38,-9.43993262,654.120411,1.2
2.381,-9.41050632,654.16326,1.2
2.382,-9.38155418,654.206326,1.2
2.383,-9.35211773,654.249185,1.2
2.384,-9.32317477,654.292241,1.2
2.385,-9.29372999,654.335109,1.2
2.386,-9.26479462,654.378157,1.2
2.387,-9.23534291,654.421033,1.2
2.388,-9.20641389,654.464073,1.2
2.389,-9.17695633,654.506956,1.2
2.39,-9.1480327,654.54999,1.2
2.391,-9.11857017,654.592878,1.2
2.392,-9.08965114,654.635908,1.2
2.393,-9.06018434,654.6788,1.2
2.394,-9.03126927,654.721825,1.2
2.395,-9.00179879,654.764722,1.2
2.396,-8.97288716,654.807743,1.2
2.397,-8.94341347,654.850644,1.2
2.398,-8.91450483,654.893661,1.2
2.399,-8.88502834,654.936565,1.2
2.4,-8.85612233,654.97958,1.2
2.401,-8.82664338,655.022487,1.2
2.402,-8.79773967,655.065498,1.2
2.403,-8.76825855,655.108408,1.2
2.404,-8.73935689,655.151417,1.2
2.405,-8.70987385,655.194329,1.2
2.406,-8.68097398,655.237336,1.2
2.407,-8.65148926,655.28025,1.2
2.408,-8.62259098,655.323254,1.2
2.409,-8.59310476,655.366171,1.2
2.41,-8.5642079,655.409173,1.2
2.411,-8.53472034,655.452092,1.2
2.412,-8.50582473,655.495092,1.2
2.413,-8.47633599,655.538012,1.2
2.414,-8.4474415,655.581011,1.2
2.415,-8.41795171,655.623933,1.2
2.416,-8.38905821,655.66693,1.2
2.417,-8.35956748,655.709853,1.2
2.418,-8.33067486,655.75285,1.2
2.419,-8.3011833,655.795774,1.2
2.42,-8.27229147,655.838769,1.2
2.421,-8.24279917,655.881694,1.2
2.422,-8.21390803,655.924688,1.2
2.423,-8.18441508,655.967615,1.2
2.424,-8.15552456,656.010607,1.2
2.425,-8.12603103,656.053535,1.2
2.426,-8.09714104,656.096527,1.2
2.427,-8.06764701,656.139456,1.2
2.428,-8.0387575,656.182446,1.2
2.429,-8.00926303,656.225376,1.2
2.43,-7.98037392,656.268365,1.2
2.431,-7.95087907,656.311296,1.2
2.432,-7.92199032,656.354285,1.2
2.433,-7.89249513,656.397217,1.2
2.434,-7.8636067,656.440204,1.2
2.435,-7.83411122,656.483137,1.2
2.436,-7.80522305,656.526124,1.2
2.437,-7.77572734,656.569057,1.2
2.438,-7.74683938,656.612043,1.2
2.439,-7.71734347,656.654977,1.2
2.44,-7.68845569,656.697963,1.2
2.441,-7.65895962,656.740898,1.2
2.442,-7.63007199,656.783882,1.2
2.443,-7.60057579,656.826818,1.2
2.444,-7.57168826,656.869802,1.2
2.445,-7.54219197,656.912738,1.2
2.446,-7.51330453,656.955721,1.2
2.447,-7.48380817,656.998658,1.2
2.448,-7.45492078,657.041641,1.2
2.449,-7.42542438,657.084578,1.2
2.45,-7.39653701,657.12756,1.2
2.451,-7.3670406,657.170498,1.2
2.452,-7.33815324,657.21348,1.2
2.453,-7.30865683,657.256418,1.2
2.454,-7.27976945,657.299399,1.2
2.455,-7.25027308,657.342338,1.2
2.456,-7.22138565,657.385319,1.2
2.457,-7.19188934,657.428259,1.2
2.458,-7.16300185,657.471239,1.2
2.459,-7.1335056,657.514179,1.2
2.46,-7.10461803,657.557158,1.2
2.461,-7.07512187,657.600099,1.2
2.462,-7.0462342,657.643078,1.2
2.463,-7.01673816,657.686019,1.2
2.464,-6.98785037,657.728998,1.2
2.465,-6.95835445,657.771939,1.2
2.466,-6.92946653,657.814917,1.2
2.467,-6.89997074,657.857859,1.2
2.468,-6.87108268,657.900837,1.2
2.469,-6.84158705,657.943779,1.2
2.47,-6.81269883,657.986757,1.2
2.471,-6.78320336,658.029699,1.2
2.472,-6.75431497,658.072676,1.2
2.473,-6.72481967,658.115619,1.2
2.474,-6.6959311,658.158596,1.2
2.475,-6.66643599,658.201539,1.2
2.476,-6.63754723,658.244516,1.2
2.477,-6.60805232,658.287459,1.2
2.478,-6.57916336,658.330435,1.2
2.479,-6.54966865,658.373379,1.2
2.48,-6.52077948,658.416355,1.2
2.481,-6.49128499,658.459299,1.2
2.482,-6.46239559,658.502275,1.2
2.483,-6.43290133,658.545219,1.2
2.484,-6.4040117,658.588194,1.2
2.485,-6.37451767,658.631139,1.2
2.486,-6.34562781,658.674114,1.2
2.487,-6.31613402,658.717059,1.2
2.488,-6.28724391,658.760034,1.2
2.489,-6.25775038,658.802979,1.2
2.49,-6.22886001,658.845954,1.2
2.491,-6.19936673,658.888899,1.2
2.492,-6.17047611,658.931873,1.2
2.493,-6.14098309,658.974819,1.2
2.494,-6.1120922,659.017793,1.2
2.495,-6.08259945,659.060739,1.2
2.496,-6.05370829,659.103713,1.2
2.497,-6.02421582,659.146659,1.2
2.498,-5.99532437,659.189633,1.2
2.499,-5.96583219,659.232579,1.2
2.5,-5.93694046,659.275552,1.2
2.501,-5.90744856,659.318499,1.2
2.502,-5.87855654,659.361472,1.2
2.503,-5.84906493,659.404419,1.2
2.504,-5.82017262,659.447392,1.2
2.505,-5.7906813,659.490339,1.2
2.506,-5.7617887,659.533312,1.2
2.507,-5.73229768,659.576259,1.2
2.508,-5.70340477,659.619231,1.2
2.509,-5.67391406,659.662179,1.2
2.51,-5.64502084,659.705151,1.2
2.511,-5.61553044,659.748098,1.2
2.512,-5.58663691,659.791071,1.2
2.513,-5.55714683,659.834018,1.2
2.514,-5.52825298,659.876991,1.2
2.515,-5.49876321,659.919938,1.2
2.516,-5.46986905,659.96291,1.2
2.517,-5.4403796,660.005858,1.2
2.518,-5.41148512,660.04883,1.2
2.519,-5.38199599,660.091778,1.2
2.52,-5.35310118,660.13475,1.2
2.521,-5.32361238,660.177698,1.2
2.522,-5.29471724,660.22067,1.2
2.523,-5.26522877,660.263618,1.2
2.524,-5.23633331,660.306589,1.2
2.525,-5.20684516,660.349538,1.2
2.526,-5.17794937,660.392509,1.2
2.527,-5.14846155,660.435458,1.2
2.528,-5.11956542,660.478429,1.2
2.529,-5.09007795,660.521378,1.2
2.53,-5.06118148,660.564349,1.2
2.531,-5.03169434,660.607298,1.2
2.532,-5.00279754,660.650269,1.2
2.533,-4.97331074,660.693218,1.2
2.534,-4.94441359,660.736188,1.2
2.535,-4.91492714,660.779138,1.2
2.536,-4.88602965,660.822108,1.2
2.537,-4.85654354,660.865058,1.2
2.538,-4.8276457,660.908028,1.2
2.539,-4.79815994,660.950977,1.2
2.54,-4.76926175,660.993948,1.2
2.541,-4.73977634,661.036897,1.2
2.542,-4.71087781,661.079867,1.2
2.543,-4.68139274,661.122817,1.2
2.544,-4.65249386,661.165787,1.2
2.545,-4.62300914,661.208737,1.2
2.546,-4.59410991,661.251707,1.2
2.547,-4.56462555,661.294657,1.2
2.548,-4.53572596,661.337627,1.2
2.549,-4.50624195,661.380577,1.2
2.55,-4.477342,661.423547,1.2
2.551,-4.44785836,661.466497,1.2
2.552,-4.41895805,661.509466,1.2
2.553,-4.38947476,661.552417,1.2
2.554,-4.3605741,661.595386,1.2
2.555,-4.33109117,661.638337,1.2
2.556,-4.30219014,661.681306,1.2
2.557,-4.27270758,661.724257,1.2
2.558,-4.24380619,661.767226,1.2
2.559,-4.21432399,661.810177,1.2
2.56,-4.18542223,661.853146,1.2
2.561,-4.1559404,661.896096,1.2
2.562,-4.12703828,661.939065,1.2
2.563,-4.09755681,661.982016,1.2
2.564,-4.06865432,662.024985,1.2
2.565,-4.03917322,662.067936,1.2
2.566,-4.01027036,662.110905,1.2
2.567,-3.98078963,662.153856,1.2
2.568,-3.9518864,662.196825,1.2
2.569,-3.92240604,662.239776,1.2
2.57,-3.89350244,662.282745,1.2
2.571,-3.86402246,662.325696,1.2
2.572,-3.83511848,662.368664,1.2
2.573,-3.80563888,662.411616,1.2
2.574,-3.77673451,662.454584,1.2
2.575,-3.7472553,662.497536,1.2
2.576,-3.71835054,662.540504,1.2
2.577,-3.68887172,662.583456,1.2
2.578,-3.65996657,662.626424,1.2
2.579,-3.63048815,662.669376,1.2
2.58,-3.6015826,662.712344,1.2
2.581,-3.57210458,662.755295,1.2
2.582,-3.54319861,662.798263,1.2
2.583,-3.51372102,662.841215,1.2
2.584,-3.48481462,662.884183,1.2
2.585,-3.45533747,662.927135,1.2
2.586,-3.42643062,662.970103,1.2
2.587,-3.39695393,663.013055,1.2
2.588,-3.3680466,663.056023,1.2
2.589,-3.33857042,663.098975,1.2
2.59,-3.30966255,663.141942,1.2
2.591,-3.28018695,663.184895,1.2
2.592,-3.25127844,663.227862,1.2
2.593,-3.22180355,663.270815,1.2
2.594,-3.19289423,663.313782,1.2
2.595,-3.1634203,663.356736,1.2
2.596,-3.13450981,663.399701,1.2
2.597,-3.10503738,663.442656,1.2
2.598,-3.07612482,663.48562,1.2
2.599,-3.04665548,663.528578,1.2
2.6,-3.01773784,663.571537,1.2
2.601,-2.98827815,663.614504,1.2
2.602,-2.95933752,663.65744,1.2
2.603,-2.92996319,663.700492,1.2
2.604,-2.89802867,663.740435,1.2
2.605,-2.86180475,663.776637,1.2
2.606,-2.82597386,663.812684,1.2
2.607,-2.78963303,663.848769,1.2
2.608,-2.75382911,663.884843,1.2
2.609,-2.71747801,663.920917,1.2
2.61,-2.68167896,663.956997,1.2
2.611,-2.64532527,663.993068,1.2
2.612,-2.60952768,664.029149,1.2
2.613,-2.57317315,664.06522,1.2
2.614,-2.53737604,664.101301,1.2
2.615,-2.50102127,664.137371,1.2
2.616,-2.46522423,664.173453,1.2
2.617,-2.42886949,664.209523,1.2
2.618,-2.39307235,664.245605,1.2
2.619,-2.35671777,664.281675,1.2
2.62,-2.32092043,664.317757,1.2
2.621,-2.28456608,664.353826,1.2
2.622,-2.24876848,664.389909,1.2
2.623,-2.21241442,664.425978,1.2
2.624,-2.17661651,664.462061,1.2
2.625,-2.14026277,664.49813,1.2
2.626,-2.10446453,664.534213,1.2
2.627,-2.06811113,664.570282,1.2
2.628,-2.03231254,664.606365,1.2
2.629,-1.9959595,664.642433,1.2
2.63,-1.96016055,664.678516,1.2
2.631,-1.92380787,664.714585,1.2
2.632,-1.88800854,664.750668,1.2
2.633,-1.85165626,664.786737,1.2
2.634,-1.81585653,664.82282,1.2
2.635,-1.77950465,664.858889,1.2
2.636,-1.74370451,664.894972,1.2
2.637,-1.70735305,664.931041,1.2
2.638,-1.67155248,664.967124,1.2
2.639,-1.63520145,665.003192,1.2
2.64,-1.59940044,665.039276,1.2
2.641,-1.56304987,665.075344,1.2
2.642,-1.52724839,665.111427,1.2
2.643,-1.49089831,665.147496,1.2
2.644,-1.45509633,665.183579,1.2
2.645,-1.41874675,665.219648,1.2
2.646,-1.38294424,665.255731,1.2
2.647,-1.34659522,665.291799,1.2
2.648,-1.31079214,665.327883,1.2
2.649,-1.27444372,665.363951,1.2
2.65,-1.23863999,665.400035,1.2
2.651,-1.20229226,665.436103,1.2
2.652,-1.16648781,665.472187,1.2
2.653,-1.13014085,665.508254,1.2
2.654,-1.09433555,665.544339,1.2
2.655,-1.05798953,665.580406,1.2
2.656,-1.0221832,665.616491,1.2
2.657,-0.985838323,665.652557,1.2
2.658,-0.950030695,665.688644,1.2
2.659,-0.913687311,665.724708,1.2
2.66,-0.877877942,665.760796,1.2
2.661,-0.841536624,665.796859,1.2
2.662,-0.805724754,665.832949,1.2
2.663,-0.769386534,665.86901,1.2
2.664,-0.733570728,665.905103,1.2
2.665,-0.697237658,665.941159,1.2
2.666,-0.661414869,665.977259,1.2
2.667,-0.625091684,666.013305,1.2
2.668,-0.589254132,666.049419,1.2
2.669,-0.552954593,666.085442,1.2
2.67,-0.517075329,666.121598,1.2
2.671,-0.480860754,666.157536,1.2
2.672,-0.444760731,666.193912,1.2
2.673,-0.409527381,666.22887,1.2
2.674,-0.395002661,666.24367,1.2
2.675,-0.395451322,666.242946,1.2
2.676,-0.395489686,666.243183,1.2
2.677,-0.395331778,666.243066,1.2
2.678,-0.395535907,666.243136,1.2
2.679,-0.395309362,666.243088,1.2
2.68,-0.395548374,666.243124,1.2
2.681,-0.395301764,666.243096,1.2
2.682,-0.395553314,666.243119,1.2
2.683,-0.395298397,666.2431,1.2
2.684,-0.395555693,666.243116,1.2
2.685,-0.395296668,666.243101,1.2
2.686,-0.395556974,666.243115,1.2
2.687,-0.395295704,666.243103,1.2
2.688,-0.395557708,666.243114,1.2
2.689,-0.395295143,666.243103,1.2
2.69,-0.395558138,666.243113,1.2
2.691,-0.395294814,666.243104,1.2
2.692,-0.395558388,666.243113,1.2
2.693,-0.395294628,666.243104,1.2
2.694,-0.395558523,666.243112,1.2
2.695,-0.395294534,666.243105,1.2
2.696,-0.395558582,666.243112,1.2
2.697,-0.395294503,666.243105,1.2
2.698,-0.395558589,666.243112,1.2
2.699,-0.395294516,666.243105,1.2
2.7,-0.395558559,666.243112,1.2
2.701,-0.395294561,666.243105,1.2
2.702,-0.395558502,666.243112,1.2
2.703,-0.395294629,666.243105,1.2
2.704,-0.395558425,666.243112,1.2
2.705,-0.395294714,666.243105,1.2
2.706,-0.395558332,666.243111,1.2
2.707,-0.395294813,666.243105,1.2
2.708,-0.395558228,666.243111,1.2
2.709,-0.395294922,666.243105,1.2
2.71,-0.395558115,666.243111,1.2
2.711,-0.395295039,666.243105,1.2
2.712,-0.395557994,666.243111,1.2
2.713,-0.395295163,666.243106,1.2
2.714,-0.395557867,666.243111,1.2
2.715,-0.395295292,666.243106,1.2
2.716,-0.395557736,666.243111,1.2
2.717,-0.395295425,666.243106,1.2
2.718,-0.395557601,666.243111,1.2
2.719,-0.395295562,666.243106,1.2
2.72,-0.395557463,666.243111,1.2
2.721,-0.395295702,666.243106,1.2
2.722,-0.395557322,666.243111,1.2
2.723,-0.395295843,666.243106,1.2
2.724,-0.395557179,666.243111,1.2
2.725,-0.395295987,666.243106,1.2
2.726,-0.395557035,666.243111,1.2
2.727,-0.395296132,666.243106,1.2
2.728,-0.395556889,666.243111,1.2
2.729,-0.395296279,666.243106,1.2
2.73,-0.395556742,666.243111,1.2
2.731,-0.395296426,666.243106,1.2
2.732,-0.395556594,666.243111,1.2
2.733,-0.395296575,666.243106,1.2
2.734,-0.395556445,666.243111,1.2
2.735,-0.395296724,666.243106,1.2
2.736,-0.395556295,666.243111,1.2
2.737,-0.395296874,666.243106,1.2
2.738,-0.395556145,666.243111,1.2
2.739,-0.395297024,666.243106,1.2
2.74,-0.395555995,666.243111,1.2
2.741,-0.395297175,666.243106,1.2
2.742,-0.395555844,666.243111,1.2
2.743,-0.395297325,666.243106,1.2
2.744,-0.395555693,666.243111,1.2
2.745,-0.395297477,666.243106,1.2
2.746,-0.395555542,666.243111,1.2
2.747,-0.395297628,666.243106,1.2
2.748,-0.395555391,666.243111,1.2
2.749,-0.395297779,666.243106,1.2
2.75,-0.39555524,666.243111,1.2
2.751,-0.39529793,666.243106,1.2
2.752,-0.395555088,666.243111,1.2
2.753,-0.395298082,666.243106,1.2
2.754,-0.395554937,666.243111,1.2
2.755,-0.395298233,666.243106,1.2
2.756,-0.395554786,666.243111,1.2
2.757,-0.395298384,666.243106,1.2
2.758,-0.395554635,666.243111,1.2
2.759,-0.395298535,666.243106,1.2
2.76,-0.395554484,666.243111,1.2
2.761,-0.395298686,666.243106,1.2
2.762,-0.395554333,666.243111,1.2
2.763,-0.395298837,666.243106,1.2
2.764,-0.395554182,666.243111,1.2
2.765,-0.395298988,666.243106,1.2
2.766,-0.395554031,666.243111,1.2
2.767,-0.395299138,666.243106,1.2
2.768,-0.395553881,666.243111,1.2
2.769,-0.395299289,666.243106,1.2
2.77,-0.395553731,666.243111,1.2
2.771,-0.395299439,666.243106,1.2
2.772,-0.395553581,666.243111,1.2
2.773,-0.395299588,666.243106,1.2
2.774,-0.395553431,666.243111,1.2
2.775,-0.395299738,666.243106,1.2
2.776,-0.395553282,666.243111,1.2
2.777,-0.395299887,666.243106,1.2
2.778,-0.395553132,666.243111,1.2
2.779,-0.395300036,666.243106,1.2
2.78,-0.395552984,666.243111,1.2
2.781,-0.395300185,666.243106,1.2
2.782,-0.395552835,666.243111,1.2
2.783,-0.395300334,666.243106,1.2
2.784,-0.395552686,666.243111,1.2
2.785,-0.395300482,666.243106,1.2
2.786,-0.395552538,666.243111,1.2
2.787,-0.39530063,666.243106,1.2
2.788,-0.395552391,666.243111,1.2
2.789,-0.395300778,666.243106,1.2
2.79,-0.395552243,666.243111,1.2
2.791,-0.395300925,666.243106,1.2
2.792,-0.395552096,666.243111,1.2
2.793,-0.395301072,666.243106,1.2
2.794,-0.395551949,666.24311,1.2
2.795,-0.395301219,666.243106,1.2
2.796,-0.395551802,666.24311,1.2
2.797,-0.395301365,666.243106,1.2
2.798,-0.395551656,666.24311,1.2
2.799,-0.395301511,666.243106,1.2
2.8,-0.39555151,666.24311,1.2
2.801,-0.395301657,666.243106,1.2
2.802,-0.395551365,666.24311,1.2
2.803,-0.395301803,666.243106,1.2
2.804,-0.395551219,666.24311,1.2
2.805,-0.395301948,666.243106,1.2
2.806,-0.395551074,666.24311,1.2
2.807,-0.395302092,666.243106,1.2
2.808,-0.39555093,666.24311,1.2
2.809,-0.395302237,666.243106,1.2
2.81,-0.395550785,666.24311,1.2
2.811,-0.395302381,666.243106,1.2
2.812,-0.395550641,666.24311,1.2
2.813,-0.395302525,666.243106,1.2
2.814,-0.395550498,666.24311,1.2
2.815,-0.395302668,666.243106,1.2
2.816,-0.395550354,666.24311,1.2
2.817,-0.395302812,666.243106,1.2
2.818,-0.395550211,666.24311,1.2
2.819,-0.395302954,666.243106,1.2
2.82,-0.395550069,666.24311,1.2
2.821,-0.395303097,666.243106,1.2
2.822,-0.395549927,666.24311,1.2
2.823,-0.395303239,666.243106,1.2
2.824,-0.395549785,666.24311,1.2
2.825,-0.395303381,666.243106,1.2
2.826,-0.395549643,666.24311,1.2
2.827,-0.395303522,666.243106,1.2
2.828,-0.395549502,666.24311,1.2
2.829,-0.395303663,666.243106,1.2
2.83,-0.395549361,666.24311,1.2
2.831,-0.395303804,666.243106,1.2
2.832,-0.39554922,666.24311,1.2
2.833,-0.395303944,666.243106,1.2
2.834,-0.39554908,666.24311,1.2
2.835,-0.395304084,666.243107,1.2
2.836,-0.39554894,666.24311,1.2
2.837,-0.395304224,666.243107,1.2
2.838,-0.395548801,666.24311,1.2
2.839,-0.395304363,666.243107,1.2
2.84,-0.395548661,666.24311,1.2
2.841,-0.395304502,666.243107,1.2
2.842,-0.395548523,666.24311,1.2
2.843,-0.395304641,666.243107,1.2
2.844,-0.395548384,666.24311,1.2
2.845,-0.395304779,666.243107,1.2
2.846,-0.395548246,666.24311,1.2
2.847,-0.395304917,666.243107,1.2
2.848,-0.395548108,666.24311,1.2
2.849,-0.395305055,666.243107,1.2
2.85,-0.395547971,666.24311,1.2
2.851,-0.395305192,666.243107,1.2
2.852,-0.395547834,666.24311,1.2
2.853,-0.395305329,666.243107,1.2
2.854,-0.395547697,666.24311,1.2
2.855,-0.395305466,666.243107,1.2
2.856,-0.39554756,666.24311,1.2
2.857,-0.395305602,666.243107,1.2
2.858,-0.395547424,666.24311,1.2
2.859,-0.395305738,666.243107,1.2
2.86,-0.395547289,666.24311,1.2
2.861,-0.395305874,666.243107,1.2
2.862,-0.395547153,666.24311,1.2
2.863,-0.395306009,666.243107,1.2
2.864,-0.395547018,666.24311,1.2
2.865,-0.395306144,666.243107,1.2
2.866,-0.395546883,666.24311,1.2
2.867,-0.395306278,666.243107,1.2
2.868,-0.395546749,666.24311,1.2
2.869,-0.395306412,666.243107,1.2
2.87,-0.395546615,666.24311,1.2
2.871,-0.395306546,666.243107,1.2
2.872,-0.395546481,666.24311,1.2
2.873,-0.39530668,666.243107,1.2
2.874,-0.395546348,666.24311,1.2
2.875,-0.395306813,666.243107,1.2
2.876,-0.395546215,666.24311,1.2
2.877,-0.395306946,666.243107,1.2
2.878,-0.395546083,666.24311,1.2
2.879,-0.395307078,666.243107,1.2
2.88,-0.39554595,666.24311,1.2
2.881,-0.39530721,666.243107,1.2
2.882,-0.395545818,666.24311,1.2
2.883,-0.395307342,666.243107,1.2
2.884,-0.395545687,666.24311,1.2
2.885,-0.395307473,666.243107,1.2
2.886,-0.395545555,666.24311,1.2
2.887,-0.395307605,666.243107,1.2
2.888,-0.395545424,666.24311,1.2
2.889,-0.395307735,666.243107,1.2
2.89,-0.395545294,666.24311,1.2
2.891,-0.395307866,666.243107,1.2
2.892,-0.395545164,666.24311,1.2
2.893,-0.395307996,666.243107,1.2
2.894,-0.395545034,666.24311,1.2
2.895,-0.395308126,666.243107,1.2
2.896,-0.395544904,666.24311,1.2
2.897,-0.395308255,666.243107,1.2
2.898,-0.395544775,666.24311,1.2
2.899,-0.395308384,666.243107,1.2
2.9,-0.395544646,666.24311,1.2
2.901,-0.395308513,666.243107,1.2
2.902,-0.395544517,666.24311,1.2
2.903,-0.395308641,666.243107,1.2
2.904,-0.395544389,666.24311,1.2
2.905,-0.395308769,666.243107,1.2
2.906,-0.395544261,666.24311,1.2
2.907,-0.395308897,666.243107,1.2
2.908,-0.395544134,666.24311,1.2
2.909,-0.395309024,666.243107,1.2
2.91,-0.395544006,666.24311,1.2
2.911,-0.395309152,666.243107,1.2
2.912,-0.395543879,666.24311,1.2
2.913,-0.395309278,666.243107,1.2
2.914,-0.395543753,666.24311,1.2
2.915,-0.395309405,666.243107,1.2
2.916,-0.395543627,666.24311,1.2
2.917,-0.395309531,666.243107,1.2
2.918,-0.395543501,666.24311,1.2
2.919,-0.395309657,666.243107,1.2
2.92,-0.395543375,666.24311,1.2
2.921,-0.395309782,666.243107,1.2
2.922,-0.39554325,666.24311,1.2
2.923,-0.395309907,666.243107,1.2
2.924,-0.395543125,666.24311,1.2
2.925,-0.395310032,666.243107,1.2
2.926,-0.395543,666.24311,1.2
2.927,-0.395310156,666.243107,1.2
2.928,-0.395542876,666.24311,1.2
2.929,-0.39531028,666.243107,1.2
2.93,-0.395542752,666.24311,1.2
2.931,-0.395310404,666.243107,1.2
2.932,-0.395542628,666.24311,1.2
2.933,-0.395310528,666.243107,1.2
2.934,-0.395542505,666.24311,1.2
2.935,-0.395310651,666.243107,1.2
2.936,-0.395542382,666.24311,1.2
2.937,-0.395310774,666.243107,1.2
2.938,-0.395542259,666.24311,1.2
2.939,-0.395310896,666.243107,1.2
2.94,-0.395542137,666.24311,1.2
2.941,-0.395311018,666.243107,1.2
2.942,-0.395542015,666.24311,1.2
2.943,-0.39531114,666.243107,1.2
2.944,-0.395541893,666.24311,1.2
2.945,-0.395311262,666.243107,1.2
2.946,-0.395541772,666.24311,1.2
2.947,-0.395311383,666.243107,1.2
2.948,-0.395541651,666.24311,1.2
2.949,-0.395311504,666.243107,1.2
2.95,-0.39554153,666.24311,1.2
2.951,-0.395311624,666.243107,1.2
2.952,-0.39554141,666.24311,1.2
2.953,-0.395311745,666.243107,1.2
2.954,-0.39554129,666.24311,1.2
2.955,-0.395311865,666.243107,1.2
2.956,-0.39554117,666.24311,1.2
2.957,-0.395311984,666.243107,1.2
2.958,-0.395541051,666.24311,1.2
2.959,-0.395312103,666.243107,1.2
2.96,-0.395540931,666.24311,1.2
2.961,-0.395312222,666.243107,1.2
2.962,-0.395540813,666.24311,1.2
2.963,-0.395312341,666.243107,1.2
2.964,-0.395540694,666.24311,1.2
2.965,-0.39531246,666.243107,1.2
2.966,-0.395540576,666.24311,1.2
2.967,-0.395312578,666.243107,1.2
2.968,-0.395540458,666.24311,1.2
2.969,-0.395312695,666.243107,1.2
2.97,-0.39554034,666.24311,1.2
2.971,-0.395312813,666.243107,1.2
2.972,-0.395540223,666.24311,1.2
2.973,-0.39531293,666.243107,1.2
2.974,-0.395540106,666.24311,1.2
2.975,-0.395313047,666.243107,1.2
2.976,-0.39553999,666.24311,1.2
2.977,-0.395313163,666.243107,1.2
2.978,-0.395539873,666.24311,1.2
2.979,-0.395313279,666.243107,1.2
2.98,-0.395539757,666.24311,1.2
2.981,-0.395313395,666.243107,1.2
2.982,-0.395539641,666.24311,1.2
2.983,-0.395313511,666.243107,1.2
2.984,-0.395539526,666.24311,1.2
2.985,-0.395313626,666.243107,1.2
2.986,-0.395539411,666.24311,1.2
2.987,-0.395313741,666.243107,1.2
2.988,-0.395539296,666.24311,1.2
2.989,-0.395313855,666.243107,1.2
2.99,-0.395539182,666.24311,1.2
2.991,-0.39531397,666.243107,1.2
2.992,-0.395539068,666.24311,1.2
2.993,-0.395314084,666.243107,1.2
2.994,-0.395538954,666.24311,1.2
2.995,-0.395314197,666.243107,1.2
2.996,-0.39553884,666.24311,1.2
2.997,-0.395314311,666.243107,1.2
2.998,-0.395538727,666.24311,1.2
2.999,-0.395314424,666.243107,1.2
3,-0.395538614,666.24311,1.2
3.001,-0.395314537,666.243107,1.2
3.002,-0.395538501,666.24311,1.2
3.003,-0.395314649,666.243107,1.2
3.004,-0.395538389,666.24311,1.2
3.005,-0.395314761,666.243107,1.2
3.006,-0.395538277,666.24311,1.2
3.007,-0.395314873,666.243107,1.2
3.008,-0.395538165,666.24311,1.2
3.009,-0.395314985,666.243107,1.2
3.01,-0.395538054,666.24311,1.2
3.011,-0.395315096,666.243107,1.2
3.012,-0.395537943,666.24311,1.2
3.013,-0.395315207,666.243107,1.2
3.014,-0.395537832,666.24311,1.2
3.015,-0.395315318,666.243107,1.2
3.016,-0.395537722,666.24311,1.2
3.017,-0.395315428,666.243107,1.2
3.018,-0.395537611,666.24311,1.2
3.019,-0.395315538,666.243107,1.2
3.02,-0.395537502,666.24311,1.2
3.021,-0.395315648,666.243107,1.2
3.022,-0.395537392,666.24311,1.2
3.023,-0.395315757,666.243107,1.2
3.024,-0.395537283,666.24311,1.2
3.025,-0.395315866,666.243107,1.2
3.026,-0.395537174,666.24311,1.2
3.027,-0.395315975,666.243107,1.2
3.028,-0.395537065,666.24311,1.2
3.029,-0.395316084,666.243107,1.2
3.03,-0.395536957,666.24311,1.2
3.031,-0.395316192,666.243107,1.2
3.032,-0.395536849,666.24311,1.2
3.033,-0.3953163,666.243107,1.2
3.034,-0.395536741,666.24311,1.2
3.035,-0.395316407,666.243107,1.2
3.036,-0.395536633,666.24311,1.2
3.037,-0.395316515,666.243107,1.2
3.038,-0.395536526,666.24311,1.2
3.039,-0.395316622,666.243107,1.2
3.04,-0.395536419,666.24311,1.2
3.041,-0.395316728,666.243107,1.2
3.042,-0.395536313,666.24311,1.2
3.043,-0.395316835,666.243107,1.2
3.044,-0.395536207,666.24311,1.2
3.045,-0.395316941,666.243107,1.2
3.046,-0.395536101,666.24311,1.2
3.047,-0.395317047,666.243107,1.2
3.048,-0.395535995,666.24311,1.2
3.049,-0.395317152,666.243107,1.2
3.05,-0.39553589,666.24311,1.2
3.051,-0.395317257,666.243107,1.2
3.052,-0.395535785,666.24311,1.2
3.053,-0.395317362,666.243107,1.2
3.054,-0.39553568,666.24311,1.2
3.055,-0.395317467,666.243107,1.2
3.056,-0.395535576,666.24311,1.2
3.057,-0.395317571,666.243107,1.2
3.058,-0.395535472,666.24311,1.2
3.059,-0.395317675,666.243107,1.2
3.06,-0.395535368,666.24311,1.2
3.061,-0.395317778,666.243107,1.2
3.062,-0.395535264,666.24311,1.2
3.063,-0.395317882,666.243107,1.2
3.064,-0.395535161,666.24311,1.2
3.065,-0.395317985,666.243107,1.2
3.066,-0.395535058,666.24311,1.2
3.067,-0.395318087,666.243107,1.2
3.068,-0.395534956,666.24311,1.2
3.069,-0.39531819,666.243107,1.2
3.07,-0.395534854,666.24311,1.2
3.071,-0.395318292,666.243107,1.2
3.072,-0.395534752,666.24311,1.2
3.073,-0.395318393,666.243107,1.2
3.074,-0.39553465,666.24311,1.2
3.075,-0.395318495,666.243107,1.2
3.076,-0.395534549,666.24311,1.2
3.077,-0.395318596,666.243107,1.2
3.078,-0.395534448,666.24311,1.2
3.079,-0.395318696,666.243107,1.2
3.08,-0.395534348,666.24311,1.2
3.081,-0.395318797,666.243107,1.2
3.082,-0.395534247,666.24311,1.2
3.083,-0.395318897,666.243107,1.2
3.084,-0.395534148,666.24311,1.2
3.085,-0.395318997,666.243107,1.2
3.086,-0.395534048,666.24311,1.2
3.087,-0.395319096,666.243107,1.2
3.088,-0.395533949,666.24311,1.2
3.089,-0.395319195,666.243107,1.2
3.09,-0.39553385,666.24311,1.2
3.091,-0.395319293,666.243107,1.2
3.092,-0.395533752,666.24311,1.2
3.093,-0.395319392,666.243107,1.2
3.094,-0.395533654,666.24311,1.2
3.095,-0.39531949,666.243107,1.2
3.096,-0.395533556,666.24311,1.2
3.097,-0.395319587,666.243107,1.2
3.098,-0.395533459,666.24311,1.2
3.099,-0.395319684,666.243107,1.2
3.1,-0.395533362,666.24311,1.2
3.101,-0.395319781,666.243107,1.2
3.102,-0.395533265,666.24311,1.2
3.103,-0.395319877,666.243107,1.2
3.104,-0.395533169,666.24311,1.2
3.105,-0.395319973,666.243107,1.2
3.106,-0.395533074,666.24311,1.2
3.107,-0.395320068,666.243107,1.2
3.108,-0.395532979,666.24311,1.2
3.109,-0.395320163,666.243107,1.2
3.11,-0.395532884,666.24311,1.2
3.111,-0.395320257,666.243107,1.2
3.112,-0.39553279,666.24311,1.2
3.113,-0.395320351,666.243107,1.2
3.114,-0.395532697,666.24311,1.2
3.115,-0.395320444,666.243107,1.2
3.116,-0.395532604,666.24311,1.2
3.117,-0.395320537,666.243107,1.2
3.118,-0.395532512,666.24311,1.2
3.119,-0.395320629,666.243107,1.2
3.12,-0.39553242,666.24311,1.2
3.121,-0.39532072,666.243107,1.2
3.122,-0.39553233,666.24311,1.2
3.123,-0.39532081,666.243107,1.2
3.124,-0.39553224,666.24311,1.2
3.125,-0.395320899,666.243107,1.2
3.126,-0.395532151,666.24311,1.2
3.127,-0.395320987,666.243107,1.2
3.128,-0.395532064,666.24311,1.2
3.129,-0.395321074,666.243107,1.2
3.13,-0.395531978,666.24311,1.2
3.131,-0.395321159,666.243107,1.2
3.132,-0.395531894,666.24311,1.2
3.133,-0.395321242,666.243107,1.2
3.134,-0.395531812,666.24311,1.2
3.135,-0.395321322,666.243107,1.2
3.136,-0.395531734,666.24311,1.2
3.137,-0.395321398,666.243107,1.2
3.138,-0.39553166,666.24311,1.2
3.139,-0.39532147,666.243107,1.2
3.14,-0.395531592,666.24311,1.2
3.141,-0.395321533,666.243107,1.2
3.142,-0.395531534,666.24311,1.2
3.143,-0.395321583,666.243107,1.2
3.144,-0.395531494,666.24311,1.2
3.145,-0.39532161,666.243107,1.2
3.146,-0.395531487,666.24311,1.2
3.147,-0.395321585,666.243107,1.2
3.148,-0.395531564,666.24311,1.2
3.149,-0.395321412,666.243107,1.2
3.15,-0.395531947,666.24311,1.2
3.151,-0.395320426,666.243106,1.2
3.152,-0.395536143,666.243115,1.2
3.153,-0.395376701,666.243162,1.2
3.154,-0.395627771,666.243206,1.2
3.155,-0.395465466,666.243251,1.2
3.156,-0.395717492,666.243296,1.2
3.157,-0.395554771,666.24334,1.2
3.158,-0.395806985,666.243386,1.2
3.159,-0.395644194,666.243429,1.2
3.16,-0.395896409,666.243475,1.2
3.161,-0.39573366,666.243518,1.2
3.162,-0.395985805,666.243565,1.2
3.163,-0.395823146,666.243608,1.2
3.164,-0.396075187,666.243654,1.2
3.165,-0.395912642,666.243697,1.2
3.166,-0.39616456,666.243744,1.2
3.167,-0.396002146,666.243787,1.2
3.168,-0.396253928,666.243833,1.2
3.169,-0.396091653,666.243876,1.2
3.17,-0.396343292,666.243923,1.2
3.171,-0.396181163,666.243966,1.2
3.172,-0.396432655,666.244012,1.2
3.173,-0.396270674,666.244055,1.2
3.174,-0.396522016,666.244101,1.2
3.175,-0.396360187,666.244144,1.2
3.176,-0.396611377,666.244191,1.2
3.177,-0.3964497,666.244234,1.2
3.178,-0.396700736,666.24428,1.2
3.179,-0.396539214,666.244323,1.2
3.18,-0.396790096,666.24437,1.2
3.181,-0.396628728,666.244413,1.2
3.182,-0.396879455,666.244459,1.2
3.183,-0.396718242,666.244502,1.2
3.184,-0.396968815,666.244549,1.2
3.185,-0.396807756,666.244592,1.2
3.186,-0.397058175,666.244638,1.2
3.187,-0.396897269,666.244681,1.2
3.188,-0.397147535,666.244727,1.2
3.189,-0.396986782,666.244771,1.2
3.19,-0.397236896,666.244817,1.2
3.191,-0.397076295,666.24486,1.2
3.192,-0.397326257,666.244906,1.2
3.193,-0.397165807,666.244949,1.2
3.194,-0.397415618,666.244996,1.2
3.195,-0.397255318,666.245039,1.2
3.196,-0.397504981,666.245085,1.2
3.197,-0.397344829,666.245128,1.2
3.198,-0.397594344,666.245175,1.2
3.199,-0.397434339,666.245218,1.2
3.2,-0.397683708,666.245264,1.2
3.201,-0.397523848,666.245307,1.2
3.202,-0.397773073,666.245353,1.2
3.203,-0.397613355,666.245397,1.2
3.204,-0.397862439,666.245443,1.2
3.205,-0.397702862,666.245486,1.2
3.206,-0.397951807,666.245532,1.2
3.207,-0.397792367,666.245576,1.2
3.208,-0.398041175,666.245622,1.2
3.209,-0.397881872,666.245665,1.2
3.21,-0.398130545,666.245711,1.2
3.211,-0.397971374,666.245755,1.2
3.212,-0.398219917,666.2458,1.2
3.213,-0.398060875,666.245844,1.2
3.214,-0.398309291,666.24589,1.2
3.215,-0.398150374,666.245933,1.2
3.216,-0.398398666,666.245979,1.2
3.217,-0.398239871,666.246023,1.2
3.218,-0.398488044,666.246069,1.2
3.219,-0.398329366,666.246112,1.2
3.22,-0.398577423,666.246158,1.2
3.221,-0.398418858,666.246202,1.2
3.222,-0.398666806,666.246247,1.2
3.223,-0.398508347,666.246291,1.2
3.224,-0.398756192,666.246337,1.2
3.225,-0.398597833,666.246381,1.2
3.226,-0.398845581,666.246426,1.2
3.227,-0.398687315,666.24647,1.2
3.228,-0.398934975,666.246516,1.2
3.229,-0.398776793,666.24656,1.2
3.23,-0.399024373,666.246605,1.2
3.231,-0.398866266,666.246649,1.2
3.232,-0.399113776,666.246694,1.2
3.233,-0.398955733,666.246739,1.2
3.234,-0.399203185,666.246784,1.2
3.235,-0.399045193,666.246828,1.2
3.236,-0.399292602,666.246873,1.2
3.237,-0.399134646,666.246918,1.2
3.238,-0.399382028,666.246963,1.2
3.239,-0.399224088,666.247007,1.2
3.24,-0.399471464,666.247052,1.2
3.241,-0.399313519,666.247097,1.2
3.242,-0.399560914,666.247141,1.2
3.243,-0.399402935,666.247186,1.2
3.244,-0.39965038,666.247231,1.2
3.245,-0.399492333,666.247276,1.2
3.246,-0.399739866,666.24732,1.2
3.247,-0.399581708,666.247366,1.2
3.248,-0.399829379,666.247409,1.2
3.249,-0.399671051,666.247455,1.2
3.25,-0.399918928,666.247498,1.2
3.251,-0.399760354,666.247545,1.2
3.252,-0.400008525,666.247588,1.2
3.253,-0.399849599,666.247635,1.2
3.254,-0.400098192,666.247677,1.2
3.255,-0.39993876,666.247724,1.2
3.256,-0.40018796,666.247766,1.2
3.257,-0.400027794,666.247814,1.2
3.258,-0.400277892,666.247855,1.2
3.259,-0.400116616,666.247904,1.2
3.26,-0.400368103,666.247943,1.2
3.261,-0.400205056,666.247995,1.2
3.262,-0.400458859,666.248031,1.2
3.263,-0.400292684,666.248086,1.2
3.264,-0.400550902,666.248118,1.2
3.265,-0.400378085,666.24818,1.2
3.266,-0.400647315,666.2482,1.2
3.267,-0.400452922,666.248284,1.2
3.268,-0.400782695,666.248244,1.2
3.269,-0.399480226,666.249436,1.2
3.27,-0.398411014,666.250794,1.2
3.271,-0.397022657,666.252072,1.2
3.272,-0.395979659,666.253404,1.2
3.273,-0.39457867,666.254695,1.2
3.274,-0.393543065,666.25602,1.2
3.275,-0.392137252,666.257315,1.2
3.276,-0.391105022,666.258637,1.2
3.277,-0.389696731,666.259935,1.2
3.278,-0.388666385,666.261254,1.2
3.279,-0.387256624,666.262554,1.2
3.28,-0.386227448,666.263872,1.2
3.281,-0.384816741,666.265173,1.2
3.282,-0.383788339,666.26649,1.2
3.283,-0.382376993,666.267791,1.2
3.284,-0.381349123,666.269108,1.2
3.285,-0.379937332,666.27041,1.2
3.286,-0.378909835,666.271726,1.2
3.287,-0.377497731,666.273029,1.2
3.288,-0.376470497,666.274344,1.2
3.289,-0.375058172,666.275647,1.2
3.29,-0.374031123,666.276962,1.2
3.291,-0.372618644,666.278266,1.2
3.292,-0.371591721,666.27958,1.2
3.293,-0.37017914,666.280884,1.2
3.294,-0.369152298,666.282198,1.2
3.295,-0.367739655,666.283503,1.2
3.296,-0.366712859,666.284817,1.2
3.297,-0.365300184,666.286121,1.2
3.298,-0.364273407,666.287435,1.2
3.299,-0.362860725,666.288739,1.2
3.3,-0.361833945,666.290053,1.2
3.301,-0.360421276,666.291358,1.2
3.302,-0.359394473,666.292671,1.2
3.303,-0.357981834,666.293976,1.2
3.304,-0.356954995,666.29529,1.2
3.305,-0.355542399,666.296595,1.2
3.306,-0.35451551,666.297908,1.2
3.307,-0.35310297,666.299213,1.2
3.308,-0.352076021,666.300526,1.2
3.309,-0.350663545,666.301831,1.2
3.31,-0.349636527,666.303145,1.2
3.311,-0.348224125,666.30445,1.2
3.312,-0.347197029,666.305763,1.2
3.313,-0.345784707,666.307068,1.2
3.314,-0.344757528,666.308381,1.2
3.315,-0.343345293,666.309686,1.2
3.316,-0.342318025,666.310999,1.2
3.317,-0.340905881,666.312305,1.2
3.318,-0.339878519,666.313618,1.2
3.319,-0.338466472,666.314923,1.2
3.32,-0.33743901,666.316236,1.2
3.321,-0.336027065,666.317542,1.2
3.322,-0.3349995,666.318854,1.2
3.323,-0.333587659,666.32016,1.2
3.324,-0.332559988,666.321473,1.2
3.325,-0.331148255,666.322778,1.2
3.326,-0.330120475,666.324091,1.2
3.327,-0.328708853,666.325397,1.2
3.328,-0.32768096,666.326709,1.2
3.329,-0.326269451,666.328015,1.2
3.33,-0.325241445,666.329328,1.2
3.331,-0.323830051,666.330633,1.2
3.332,-0.322801928,666.331946,1.2
3.333,-0.321390652,666.333252,1.2
3.334,-0.32036241,666.334564,1.2
3.335,-0.318951253,666.33587,1.2
3.336,-0.317922892,666.337182,1.2
3.337,-0.316511856,666.338488,1.2
3.338,-0.315483372,666.339801,1.2
3.339,-0.314072459,666.341107,1.2
3.34,-0.313043852,666.342419,1.2
3.341,-0.311633062,666.343725,1.2
3.342,-0.310604332,666.345037,1.2
3.343,-0.309193667,666.346343,1.2
3.344,-0.308164811,666.347656,1.2
3.345,-0.306754271,666.348962,1.2
3.346,-0.305725289,666.350274,1.2
3.347,-0.304314877,666.35158,1.2
3.348,-0.303285767,666.352892,1.2
3.349,-0.301875482,666.354198,1.2
3.35,-0.300846245,666.355511,1.2
3.351,-0.299436088,666.356817,1.2
3.352,-0.298406722,666.358129,1.2
3.353,-0.296996695,666.359435,1.2
3.354,-0.295967199,666.360747,1.2
3.355,-0.294557301,666.362053,1.2
3.356,-0.293527675,666.363366,1.2
3.357,-0.292117908,666.364672,1.2
3.358,-0.291088152,666.365984,1.2
3.359,-0.289678516,666.36729,1.2
3.36,-0.288648628,666.368602,1.2
3.361,-0.287239123,666.369908,1.2
3.362,-0.286209104,666.371221,1.2
3.363,-0.284799731,666.372527,1.2
3.364,-0.283769579,666.373839,1.2
3.365,-0.282360338,666.375145,1.2
3.366,-0.281330055,666.376457,1.2
3.367,-0.279920946,666.377763,1.2
3.368,-0.27889053,666.379076,1.2
3.369,-0.277481555,666.380382,1.2
3.37,-0.276451006,666.381694,1.2
3.371,-0.275042163,666.383,1.2
3.372,-0.274011481,666.384312,1.2
3.373,-0.272602771,666.385619,1.2
3.374,-0.271571956,666.386931,1.2
3.375,-0.270163379,666.388237,1.2
3.376,-0.269132431,666.389549,1.2
3.377,-0.267723988,666.390855,1.2
3.378,-0.266692906,666.392167,1.2
3.379,-0.265284596,666.393474,1.2
3.38,-0.264253381,666.394786,1.2
3.381,-0.262845205,666.396092,1.2
3.382,-0.261813855,666.397404,1.2
3.383,-0.260405814,666.39871,1.2
3.384,-0.25937433,666.400022,1.2
3.385,-0.257966422,666.401329,1.2
3.386,-0.256934805,666.402641,1.2
3.387,-0.255527031,666.403947,1.2
3.388,-0.25449528,666.405259,1.2
3.389,-0.25308764,666.406565,1.2
3.39,-0.252055755,666.407877,1.2
3.391,-0.250648248,666.409184,1.2
3.392,-0.249616229,666.410496,1.2
3.393,-0.248208857,666.411802,1.2
3.394,-0.247176704,666.413114,1.2
3.395,-0.245769466,666.41442,1.2
3.396,-0.244737179,666.415732,1.2
3.397,-0.243330074,666.417039,1.2
3.398,-0.242297654,666.41835,1.2
3.399,-0.240890683,666.419657,1.2
3.4,-0.239858128,666.420969,1.2
3.401,-0.238451291,666.422275,1.2
3.402,-0.237418603,666.423587,1.2
3.403,-0.2360119,666.424894,1.2
3.404,-0.234979078,666.426205,1.2
3.405,-0.233572509,666.427512,1.2
3.406,-0.232539553,666.428824,1.2
3.407,-0.231133117,666.43013,1.2
3.408,-0.230100028,666.431442,1.2
3.409,-0.228693726,666.432749,1.2
3.41,-0.227660503,666.43406,1.2
3.411,-0.226254334,666.435367,1.2
3.412,-0.225220978,666.436679,1.2
3.413,-0.223814942,666.437985,1.2
3.414,-0.222781453,666.439297,1.2
3.415,-0.221375551,666.440604,1.2
3.416,-0.220341928,666.441915,1.2
3.417,-0.218936159,666.443222,1.2
3.418,-0.217902403,666.444534,1.2
3.419,-0.216496767,666.44584,1.2
3.42,-0.215462879,666.447152,1.2
3.421,-0.214057375,666.448459,1.2
3.422,-0.213023354,666.44977,1.2
3.423,-0.211617983,666.451077,1.2
3.424,-0.210583829,666.452389,1.2
3.425,-0.209178591,666.453695,1.2
3.426,-0.208144305,666.455007,1.2
3.427,-0.206739199,666.456314,1.2
3.428,-0.20570478,666.457625,1.2
3.429,-0.204299807,666.458932,1.2
3.43,-0.203265256,666.460244,1.2
3.431,-0.201860415,666.46155,1.2
3.432,-0.200825732,666.462862,1.2
3.433,-0.199421022,666.464169,1.2
3.434,-0.198386207,666.46548,1.2
3.435,-0.19698163,666.466787,1.2
3.436,-0.195946683,666.468099,1.2
3.437,-0.194542238,666.469405,1.2
3.438,-0.193507159,666.470717,1.2
3.439,-0.192102845,666.472024,1.2
3.44,-0.191067635,666.473335,1.2
3.441,-0.189663453,666.474642,1.2
3.442,-0.188628111,666.475954,1.2
3.443,-0.18722406,666.47726,1.2
3.444,-0.186188587,666.478572,1.2
3.445,-0.184784668,666.479879,1.2
3.446,-0.183749063,666.48119,1.2
3.447,-0.182345276,666.482497,1.2
3.448,-0.181309538,666.483809,1.2
3.449,-0.179905883,666.485115,1.2
3.45,-0.178870014,666.486427,1.2
3.451,-0.177466491,666.487734,1.2
3.452,-0.176430489,666.489045,1.2
3.453,-0.1750271,666.490352,1.2
3.454,-0.173990963,666.491664,1.2
3.455,-0.17258771,666.49297,1.2
3.456,-0.171551435,666.494282,1.2
3.457,-0.170148324,666.495589,1.2
3.458,-0.169111902,666.4969,1.2
3.459,-0.167708946,666.498207,1.2
3.46,-0.166672353,666.499519,1.2
3.461,-0.1652696,666.500825,1.2
3.462,-0.164232725,666.502137,1.2
3.463,-0.162830508,666.503444,1.2
3.464,-0.161791598,666.504754,1.2
3.465,-0.160360878,666.506032,1.2
3.466,-0.159278124,666.507298,1.2
3.467,-0.157831288,666.50856,1.2
3.468,-0.156749359,666.509827,1.2
3.469,-0.15530238,666.511089,1.2
3.47,-0.154220437,666.512356,1.2
3.471,-0.152773528,666.513618,1.2
3.472,-0.151691491,666.514885,1.2
3.473,-0.150244689,666.516147,1.2
3.474,-0.149162538,666.517414,1.2
3.475,-0.147715853,666.518676,1.2
3.476,-0.146633583,666.519943,1.2
3.477,-0.145187019,666.521205,1.2
3.478,-0.144104626,666.522472,1.2
3.479,-0.142658186,666.523734,1.2
3.48,-0.141575669,666.525,1.2
3.481,-0.140129354,666.526262,1.2
3.482,-0.139046711,666.527529,1.2
3.483,-0.137600522,666.528791,1.2
3.484,-0.136517753,666.530058,1.2
3.485,-0.13507169,666.53132,1.2
3.486,-0.133988795,666.532587,1.2
3.487,-0.132542857,666.533849,1.2
3.488,-0.131459837,666.535116,1.2
3.489,-0.130014025,666.536378,1.2
3.49,-0.12893088,666.537645,1.2
3.491,-0.127485193,666.538907,1.2
3.492,-0.126401922,666.540174,1.2
3.493,-0.124956361,666.541436,1.2
3.494,-0.123872964,666.542703,1.2
3.495,-0.122427528,666.543965,1.2
3.496,-0.121344007,666.545232,1.2
3.497,-0.119898696,666.546494,1.2
3.498,-0.118815049,666.54776,1.2
3.499,-0.117369863,666.549023,1.2
3.5,-0.116286092,666.550289,1.2
3.501,-0.114841031,666.551551,1.2
3.502,-0.113757134,666.552818,1.2
3.503,-0.112312198,666.55408,1.2
3.504,-0.111228177,666.555347,1.2
3.505,-0.109783365,666.556609,1.2
3.506,-0.10869922,666.557876,1.2
3.507,-0.107254533,666.559138,1.2
3.508,-0.106170263,666.560405,1.2
3.509,-0.1047257,666.561667,1.2
3.51,-0.103641306,666.562934,1.2
3.511,-0.102196867,666.564196,1.2
3.512,-0.101112349,666.565463,1.2
3.513,-0.0996680334,666.566725,1.2
3.514,-0.0985833919,666.567992,1.2
3.515,-0.0971392002,666.569254,1.2
3.516,-0.0960544352,666.570521,1.2
3.517,-0.0946103669,666.571783,1.2
3.518,-0.0935254786,666.573049,1.2
3.519,-0.0920815335,666.574311,1.2
3.52,-0.090996522,666.575578,1.2
3.521,-0.0895527,666.57684,1.2
3.522,-0.0884675655,666.578107,1.2
3.523,-0.0870238664,666.579369,1.2
3.524,-0.0859386091,666.580636,1.2
3.525,-0.0844950328,666.581898,1.2
3.526,-0.0834096528,666.583165,1.2
3.527,-0.0819661991,666.584427,1.2
3.528,-0.0808806965,666.585694,1.2
3.529,-0.0794373653,666.586956,1.2
3.53,-0.0783517403,666.588223,1.2
3.531,-0.0769085315,666.589485,1.2
3.532,-0.0758227842,666.590752,1.2
3.533,-0.0743796976,666.592014,1.2
3.534,-0.0732938281,666.593281,1.2
3.535,-0.0718508637,666.594543,1.2
3.536,-0.070764872,666.595809,1.2
3.537,-0.0693220298,666.597072,1.2
3.538,-0.0682359159,666.598338,1.2
3.539,-0.0667931959,666.5996,1.2
3.54,-0.0657069598,666.600867,1.2
3.541,-0.0642643621,666.602129,1.2
3.542,-0.0631780036,666.603396,1.2
3.543,-0.0617355282,666.604658,1.2
3.544,-0.0606490474,666.605925,1.2
3.545,-0.0592066945,666.607187,1.2
3.546,-0.058120091,666.608454,1.2
3.547,-0.056677861,666.609716,1.2
3.548,-0.0555911345,666.610983,1.2
3.549,-0.0541490276,666.612245,1.2
3.55,-0.0530621777,666.613512,1.2
3.551,-0.0516201946,666.614774,1.2
3.552,-0.0505332205,666.616041,1.2
3.553,-0.049091362,666.617303,1.2
3.554,-0.0480042628,666.618569,1.2
3.555,-0.0465625301,666.619832,1.2
3.556,-0.0454753043,666.621098,1.2
3.557,-0.044033699,666.62236,1.2
3.558,-0.0429463448,666.623627,1.2
3.559,-0.0415048693,666.624889,1.2
3.56,-0.0404173837,666.626156,1.2
3.561,-0.0389760414,666.627418,1.2
3.562,-0.0378884204,666.628685,1.2
3.563,-0.0364472162,666.629947,1.2
3.564,-0.0353594536,666.631214,1.2
3.565,-0.0339183955,666.632476,1.2
3.566,-0.0328304812,666.633743,1.2
3.567,-0.031389582,666.635005,1.2
3.568,-0.0303014993,666.636272,1.2
3.569,-0.028860781,666.637534,1.2
3.57,-0.0277725004,666.638801,1.2
3.571,-0.026332004,666.640063,1.2
3.572,-0.0252434669,666.64133,1.2
3.573,-0.0238032786,666.642591,1.2
3.574,-0.0227143528,666.643859,1.2
3.575,-0.0212746866,666.64512,1.2
3.576,-0.0201850008,666.646388,1.2
3.577,-0.0187465638,666.647648,1.2
3.578,-0.0176545773,666.648918,1.2
3.579,-0.0162215383,666.650173,1.2
3.58,-0.0151099532,666.651463,1.2
3.581,-0.0142007961,666.652194,1.2
3.582,-0.0143426257,666.65223,1.2
3.583,-0.0141760205,666.652219,1.2
3.584,-0.0143475716,666.652225,1.2
3.585,-0.0141742901,666.652221,1.2
3.586,-0.014348346,666.652224,1.2
3.587,-0.0141738954,666.652221,1.2
3.588,-0.014348561,666.652224,1.2
3.589,-0.0141737762,666.652221,1.2
3.59,-0.0143486245,666.652224,1.2
3.591,-0.0141737472,666.652221,1.2
3.592,-0.0143486311,666.652224,1.2
3.593,-0.0141737559,666.652222,1.2
3.594,-0.0143486117,666.652224,1.2
3.595,-0.0141737831,666.652222,1.2
3.596,-0.0143485788,666.652224,1.2
3.597,-0.0141738203,666.652222,1.2
3.598,-0.0143485382,666.652224,1.2
3.599,-0.0141738634,666.652222,1.2
3.6,-0.014348493,666.652224,1.2
3.601,-0.0141739103,666.652222,1.2
3.602,-0.0143484449,666.652224,1.2
3.603,-0.0141739595,666.652222,1.2
3.604,-0.0143483948,666.652224,1.2
3.605,-0.0141740103,666.652222,1.2
3.606,-0.0143483433,666.652224,1.2
3.607,-0.0141740623,666.652222,1.2
3.608,-0.014348291,666.652224,1.2
3.609,-0.014174115,666.652222,1.2
3.61,-0.0143482379,666.652224,1.2
3.611,-0.0141741682,666.652222,1.2
3.612,-0.0143481845,666.652224,1.2
3.613,-0.0141742219,666.652222,1.2
3.614,-0.0143481306,666.652224,1.2
3.615,-0.0141742759,666.652222,1.2
3.616,-0.0143480766,666.652224,1.2
3.617,-0.01417433,666.652222,1.2
3.618,-0.0143480223,666.652224,1.2
3.619,-0.0141743843,666.652222,1.2
3.62,-0.014347968,666.652224,1.2
3.621,-0.0141744387,666.652222,1.2
3.622,-0.0143479136,666.652224,1.2
3.623,-0.0141744931,666.652222,1.2
3.624,-0.0143478592,666.652224,1.2
3.625,-0.0141745475,666.652222,1.2
3.626,-0.0143478047,666.652224,1.2
3.627,-0.014174602,666.652222,1.2
3.628,-0.0143477503,666.652224,1.2
3.629,-0.0141746564,666.652222,1.2
3.63,-0.0143476959,666.652224,1.2
3.631,-0.0141747108,666.652222,1.2
3.632,-0.0143476415,666.652224,1.2
3.633,-0.0141747652,666.652222,1.2
3.634,-0.0143475871,666.652224,1.2
3.635,-0.0141748195,666.652222,1.2
3.636,-0.0143475329,666.652224,1.2
3.637,-0.0141748738,666.652222,1.2
3.638,-0.0143474786,666.652224,1.2
3.639,-0.0141749279,666.652222,1.2
3.64,-0.0143474245,666.652224,1.2
3.641,-0.0141749821,666.652222,1.2
3.642,-0.0143473704,666.652224,1.2
3.643,-0.0141750361,666.652222,1.2
3.644,-0.0143473164,666.652224,1.2
3.645,-0.0141750901,666.652222,1.2
3.646,-0.0143472625,666.652224,1.2
3.647,-0.0141751439,666.652222,1.2
3.648,-0.0143472087,666.652224,1.2
3.649,-0.0141751977,666.652222,1.2
3.65,-0.0143471549,666.652224,1.2
3.651,-0.0141752514,666.652222,1.2
3.652,-0.0143471012,666.652224,1.2
3.653,-0.014175305,666.652222,1.2
3.654,-0.0143470477,666.652224,1.2
3.655,-0.0141753586,666.652222,1.2
3.656,-0.0143469942,666.652224,1.2
3.657,-0.014175412,666.652222,1.2
3.658,-0.0143469408,666.652224,1.2
3.659,-0.0141754653,666.652222,1.2
3.66,-0.0143468875,666.652224,1.2
3.661,-0.0141755186,666.652222,1.2
3.662,-0.0143468343,666.652224,1.2
3.663,-0.0141755717,666.652222,1.2
3.664,-0.0143467812,666.652224,1.2
3.665,-0.0141756248,666.652222,1.2
3.666,-0.0143467282,666.652224,1.2
3.667,-0.0141756777,666.652222,1.2
3.668,-0.0143466753,666.652224,1.2
3.669,-0.0141757306,666.652222,1.2
3.67,-0.0143466225,666.652224,1.2
3.671,-0.0141757833,666.652222,1.2
3.672,-0.0143465698,666.652224,1.2
3.673,-0.014175836,666.652222,1.2
3.674,-0.0143465172,666.652224,1.2
3.675,-0.0141758886,666.652222,1.2
3.676,-0.0143464647,666.652224,1.2
3.677,-0.014175941,666.652222,1.2
3.678,-0.0143464123,666.652224,1.2
3.679,-0.0141759934,666.652222,1.2
3.68,-0.01434636,666.652224,1.2
3.681,-0.0141760456,666.652222,1.2
3.682,-0.0143463077,666.652224,1.2
3.683,-0.0141760978,666.652222,1.2
3.684,-0.0143462556,666.652224,1.2
3.685,-0.0141761499,666.652222,1.2
3.686,-0.0143462036,666.652224,1.2
3.687,-0.0141762018,666.652222,1.2
3.688,-0.0143461517,666.652224,1.2
3.689,-0.0141762537,666.652222,1.2
3.69,-0.0143460999,666.652224,1.2
3.691,-0.0141763055,666.652222,1.2
3.692,-0.0143460482,666.652224,1.2
3.693,-0.0141763571,666.652222,1.2
3.694,-0.0143459966,666.652224,1.2
3.695,-0.0141764087,666.652222,1.2
3.696,-0.014345945,666.652224,1.2
3.697,-0.0141764602,666.652222,1.2
3.698,-0.0143458936,666.652224,1.2
3.699,-0.0141765115,666.652222,1.2
3.7,-0.0143458423,666.652224,1.2
3.701,-0.0141765628,666.652222,1.2
3.702,-0.0143457911,666.652224,1.2
3.703,-0.014176614,666.652222,1.2
3.704,-0.01434574,666.652224,1.2
3.705,-0.014176665,666.652222,1.2
3.706,-0.014345689,666.652224,1.2
3.707,-0.014176716,666.652222,1.2
3.708,-0.014345638,666.652224,1.2
3.709,-0.0141767669,666.652222,1.2
3.71,-0.0143455872,666.652224,1.2
3.711,-0.0141768176,666.652222,1.2
3.712,-0.0143455365,666.652224,1.2
3.713,-0.0141768683,666.652222,1.2
3.714,-0.0143454859,666.652224,1.2
3.715,-0.0141769189,666.652222,1.2
3.716,-0.0143454354,666.652224,1.2
3.717,-0.0141769693,666.652222,1.2
3.718,-0.0143453849,666.652224,1.2
3.719,-0.0141770197,666.652222,1.2
3.72,-0.0143453346,666.652224,1.2
3.721,-0.01417707,666.652222,1.2
3.722,-0.0143452844,666.652224,1.2
3.723,-0.0141771202,666.652222,1.2
3.724,-0.0143452343,666.652224,1.2
3.725,-0.0141771702,666.652222,1.2
3.726,-0.0143451842,666.652224,1.2
3.727,-0.0141772202,666.652222,1.2
3.728,-0.0143451343,666.652224,1.2
3.729,-0.0141772701,666.652222,1.2
3.73,-0.0143450845,666.652224,1.2
3.731,-0.0141773199,666.652222,1.2
3.732,-0.0143450347,666.652224,1.2
3.733,-0.0141773696,666.652222,1.2
3.734,-0.0143449851,666.652224,1.2
3.735,-0.0141774192,666.652222,1.2
3.736,-0.0143449356,666.652224,1.2
3.737,-0.0141774687,666.652222,1.2
3.738,-0.0143448861,666.652224,1.2
3.739,-0.014177518,666.652222,1.2
3.74,-0.0143448368,666.652224,1.2
3.741,-0.0141775673,666.652222,1.2
3.742,-0.0143447875,666.652224,1.2
3.743,-0.0141776165,666.652222,1.2
3.744,-0.0143447384,666.652224,1.2
3.745,-0.0141776656,666.652222,1.2
3.746,-0.0143446893,666.652224,1.2
3.747,-0.0141777147,666.652222,1.2
3.748,-0.0143446404,666.652224,1.2
3.749,-0.0141777636,666.652222,1.2
3.75,-0.0143445915,666.652224,1.2
3.751,-0.0141778124,666.652222,1.2
3.752,-0.0143445427,666.652224,1.2
3.753,-0.0141778611,666.652222,1.2
3.754,-0.0143444941,666.652224,1.2
3.755,-0.0141779097,666.652222,1.2
3.756,-0.0143444455,666.652224,1.2
3.757,-0.0141779582,666.652222,1.2
3.758,-0.014344397,666.652224,1.2
3.759,-0.0141780067,666.652222,1.2
3.76,-0.0143443486,666.652224,1.2
3.761,-0.014178055,666.652222,1.2
3.762,-0.0143443003,666.652224,1.2
3.763,-0.0141781033,666.652222,1.2
3.764,-0.0143442521,666.652224,1.2
3.765,-0.0141781514,666.652222,1.2
3.766,-0.014344204,666.652224,1.2
3.767,-0.0141781995,666.652222,1.2
3.768,-0.014344156,666.652224,1.2
3.769,-0.0141782474,666.652222,1.2
3.77,-0.0143441081,666.652224,1.2
3.771,-0.0141782953,666.652222,1.2
3.772,-0.0143440603,666.652224,1.2
3.773,-0.0141783431,666.652222,1.2
3.774,-0.0143440126,666.652224,1.2
3.775,-0.0141783907,666.652222,1.2
3.776,-0.014343965,666.652224,1.2
3.777,-0.0141784383,666.652222,1.2
3.778,-0.0143439174,666.652224,1.2
3.779,-0.0141784858,666.652222,1.2
3.78,-0.01434387,666.652224,1.2
3.781,-0.0141785332,666.652222,1.2
3.782,-0.0143438226,666.652224,1.2
3.783,-0.0141785805,666.652222,1.2
3.784,-0.0143437754,666.652224,1.2
3.785,-0.0141786277,666.652222,1.2
3.786,-0.0143437282,666.652224,1.2
3.787,-0.0141786748,666.652222,1.2
3.788,-0.0143436811,666.652224,1.2
3.789,-0.0141787219,666.652222,1.2
3.79,-0.0143436342,666.652224,1.2
3.791,-0.0141787688,666.652222,1.2
3.792,-0.0143435873,666.652224,1.2
3.793,-0.0141788156,666.652222,1.2
3.794,-0.0143435405,666.652224,1.2
3.795,-0.0141788624,666.652222,1.2
3.796,-0.0143434938,666.652224,1.2
3.797,-0.014178909,666.652222,1.2
3.798,-0.0143434472,666.652224,1.2
3.799,-0.0141789556,666.652222,1.2
3.8,-0.0143434006,666.652224,1.2
3.801,-0.0141790021,666.652222,1.2
3.802,-0.0143433542,666.652224,1.2
3.803,-0.0141790485,666.652222,1.2
3.804,-0.0143433079,666.652224,1.2
3.805,-0.0141790948,666.652222,1.2
3.806,-0.0143432616,666.652224,1.2
3.807,-0.014179141,666.652222,1.2
3.808,-0.0143432155,666.652224,1.2
3.809,-0.0141791871,666.652222,1.2
3.81,-0.0143431694,666.652224,1.2
3.811,-0.0141792331,666.652222,1.2
3.812,-0.0143431234,666.652224,1.2
3.813,-0.014179279,666.652222,1.2
3.814,-0.0143430775,666.652224,1.2
3.815,-0.0141793249,666.652222,1.2
3.816,-0.0143430317,666.652224,1.2
3.817,-0.0141793706,666.652222,1.2
3.818,-0.014342986,666.652224,1.2
3.819,-0.0141794163,666.652222,1.2
3.82,-0.0143429404,666.652224,1.2
3.821,-0.0141794619,666.652222,1.2
3.822,-0.0143428949,666.652224,1.2
3.823,-0.0141795073,666.652222,1.2
3.824,-0.0143428494,666.652224,1.2
3.825,-0.0141795527,666.652222,1.2
3.826,-0.0143428041,666.652224,1.2
3.827,-0.014179598,666.652222,1.2
3.828,-0.0143427588,666.652224,1.2
3.829,-0.0141796433,666.652222,1.2
3.83,-0.0143427137,666.652224,1.2
3.831,-0.0141796884,666.652222,1.2
3.832,-0.0143426686,666.652224,1.2
3.833,-0.0141797334,666.652222,1.2
3.834,-0.0143426236,666.652224,1.2
3.835,-0.0141797784,666.652222,1.2
3.836,-0.0143425787,666.652224,1.2
3.837,-0.0141798233,666.652222,1.2
3.838,-0.0143425338,666.652224,1.2
3.839,-0.014179868,666.652222,1.2
3.84,-0.0143424891,666.652224,1.2
3.841,-0.0141799127,666.652222,1.2
3.842,-0.0143424444,666.652224,1.2
3.843,-0.0141799573,666.652222,1.2
3.844,-0.0143423999,666.652224,1.2
3.845,-0.0141800019,666.652222,1.2
3.846,-0.0143423554,666.652224,1.2
3.847,-0.0141800463,666.652222,1.2
3.848,-0.014342311,666.652224,1.2
3.849,-0.0141800906,666.652222,1.2
3.85,-0.0143422667,666.652224,1.2
3.851,-0.0141801349,666.652222,1.2
3.852,-0.0143422225,666.652224,1.2
3.853,-0.0141801791,666.652222,1.2
3.854,-0.0143421784,666.652224,1.2
3.855,-0.0141802232,666.652222,1.2
3.856,-0.0143421343,666.652224,1.2
3.857,-0.0141802672,666.652222,1.2
3.858,-0.0143420904,666.652224,1.2
3.859,-0.0141803111,666.652222,1.2
3.86,-0.0143420465,666.652224,1.2
3.861,-0.0141803549,666.652222,1.2
3.862,-0.0143420027,666.652224,1.2
3.863,-0.0141803986,666.652222,1.2
3.864,-0.014341959,666.652224,1.2
3.865,-0.0141804423,666.652222,1.2
3.866,-0.0143419154,666.652224,1.2
3.867,-0.0141804859,666.652222,1.2
3.868,-0.0143418718,666.652224,1.2
3.869,-0.0141805294,666.652222,1.2
3.87,-0.0143418284,666.652224,1.2
3.871,-0.0141805728,666.652222,1.2
3.872,-0.014341785,666.652224,1.2
3.873,-0.0141806161,666.652222,1.2
3.874,-0.0143417417,666.652224,1.2
3.875,-0.0141806594,666.652222,1.2
3.876,-0.0143416985,666.652224,1.2
3.877,-0.0141807025,666.652222,1.2
3.878,-0.0143416554,666.652224,1.2
3.879,-0.0141807456,666.652222,1.2
3.88,-0.0143416124,666.652224,1.2
3.881,-0.0141807886,666.652222,1.2
3.882,-0.0143415695,666.652224,1.2
3.883,-0.0141808315,666.652222,1.2
3.884,-0.0143415266,666.652224,1.2
3.885,-0.0141808743,666.652222,1.2
3.886,-0.0143414838,666.652224,1.2
3.887,-0.014180917,666.652222,1.2
3.888,-0.0143414411,666.652224,1.2
3.889,-0.0141809597,666.652222,1.2
3.89,-0.0143413985,666.652224,1.2
3.891,-0.0141810023,666.652222,1.2
3.892,-0.014341356,666.652224,1.2
3.893,-0.0141810448,666.652222,1.2
3.894,-0.0143413135,666.652224,1.2
3.895,-0.0141810872,666.652222,1.2
3.896,-0.0143412711,666.652224,1.2
3.897,-0.0141811295,666.652222,1.2
3.898,-0.0143412288,666.652224,1.2
3.899,-0.0141811718,666.652222,1.2
3.9,-0.0143411866,666.652224,1.2
3.901,-0.0141812139,666.652222,1.2
3.902,-0.0143411445,666.652224,1.2
3.903,-0.014181256,666.652222,1.2
3.904,-0.0143411025,666.652224,1.2
3.905,-0.014181298,666.652222,1.2
3.906,-0.0143410605,666.652224,1.2
3.907,-0.01418134,666.652222,1.2
3.908,-0.0143410186,666.652224,1.2
3.909,-0.0141813818,666.652222,1.2
3.91,-0.0143409768,666.652224,1.2
3.911,-0.0141814236,666.652222,1.2
3.912,-0.0143409351,666.652224,1.2
3.913,-0.0141814653,666.652222,1.2
3.914,-0.0143408934,666.652224,1.2
3.915,-0.0141815069,666.652222,1.2
3.916,-0.0143408519,666.652224,1.2
3.917,-0.0141815484,666.652222,1.2
3.918,-0.0143408104,666.652224,1.2
3.919,-0.0141815898,666.652222,1.2
3.92,-0.014340769,666.652224,1.2
3.921,-0.0141816312,666.652222,1.2
3.922,-0.0143407276,666.652224,1.2
3.923,-0.0141816725,666.652222,1.2
3.924,-0.0143406864,666.652224,1.2
3.925,-0.0141817137,666.652222,1.2
3.926,-0.0143406452,666.652224,1.2
3.927,-0.0141817548,666.652222,1.2
3.928,-0.0143406041,666.652224,1.2
3.929,-0.0141817959,666.652222,1.2
3.93,-0.0143405631,666.652224,1.2
3.931,-0.0141818369,666.652222,1.2
3.932,-0.0143405222,666.652224,1.2
3.933,-0.0141818778,666.652222,1.2
3.934,-0.0143404813,666.652224,1.2
3.935,-0.0141819186,666.652222,1.2
3.936,-0.0143404405,666.652224,1.2
3.937,-0.0141819593,666.652222,1.2
3.938,-0.0143403998,666.652224,1.2
3.939,-0.014182,666.652222,1.2
3.94,-0.0143403592,666.652224,1.2
3.941,-0.0141820406,666.652222,1.2
3.942,-0.0143403186,666.652224,1.2
3.943,-0.0141820811,666.652222,1.2
3.944,-0.0143402782,666.652224,1.2
3.945,-0.0141821215,666.652222,1.2
3.946,-0.0143402378,666.652224,1.2
3.947,-0.0141821619,666.652222,1.2
3.948,-0.0143401974,666.652224,1.2
3.949,-0.0141822022,666.652222,1.2
3.95,-0.0143401572,666.652224,1.2
3.951,-0.0141822424,666.652222,1.2
3.952,-0.014340117,666.652224,1.2
3.953,-0.0141822825,666.652222,1.2
3.954,-0.0143400769,666.652224,1.2
3.955,-0.0141823226,666.652222,1.2
3.956,-0.0143400369,666.652224,1.2
3.957,-0.0141823626,666.652222,1.2
3.958,-0.014339997,666.652224,1.2
3.959,-0.0141824025,666.652222,1.2
3.96,-0.0143399571,666.652224,1.2
3.961,-0.0141824423,666.652222,1.2
3.962,-0.0143399173,666.652224,1.2
3.963,-0.0141824821,666.652222,1.2
3.964,-0.0143398776,666.652224,1.2
3.965,-0.0141825218,666.652222,1.2
3.966,-0.0143398379,666.652224,1.2
3.967,-0.0141825614,666.652222,1.2
3.968,-0.0143397983,666.652224,1.2
3.969,-0.0141826009,666.652222,1.2
3.97,-0.0143397588,666.652224,1.2
3.971,-0.0141826404,666.652222,1.2
3.972,-0.0143397194,666.652224,1.2
3.973,-0.0141826798,666.652222,1.2
3.974,-0.01433968,666.652224,1.2
3.975,-0.0141827192,666.652222,1.2
3.976,-0.0143396407,666.652224,1.2
3.977,-0.0141827584,666.652222,1.2
3.978,-0.0143396015,666.652224,1.2
3.979,-0.0141827976,666.652222,1.2
3.98,-0.0143395623,666.652224,1.2
3.981,-0.0141828367,666.652222,1.2
3.982,-0.0143395232,666.652224,1.2
3.983,-0.0141828758,666.652222,1.2
3.984,-0.0143394842,666.652224,1.2
3.985,-0.0141829148,666.652222,1.2
3.986,-0.0143394452,666.652224,1.2
3.987,-0.0141829537,666.652222,1.2
3.988,-0.0143394063,666.652224,1.2
3.989,-0.0141829926,666.652222,1.2
3.99,-0.0143393675,666.652224,1.2
3.991,-0.0141830314,666.652222,1.2
3.992,-0.0143393287,666.652224,1.2
3.993,-0.0141830702,666.652222,1.2
3.994,-0.0143392899,666.652224,1.2
3.995,-0.0141831089,666.652222,1.2
3.996,-0.0143392512,666.652224,1.2
3.997,-0.0141831476,666.652222,1.2
3.998,-0.0143392126,666.652224,1.2
3.999,-0.0141831862,666.652222,1.2
4,-0.0143391739,666.652224,1.2
