time_ns,victim_mV,aggressor_mV,source_V
0.5,2.46139614e-05,-6.87012485e-05,0
0.501,-2.46419285e-05,6.87779426e-05,0
0.502,2.4669956e-05,-6.88548002e-05,0
0.503,-2.46980441e-05,6.89318212e-05,0
0.504,2.47261931e-05,-6.90090067e-05,0
0.505,-2.47544031e-05,6.9086357e-05,0
0.506,2.47826744e-05,-6.91638728e-05,0
0.507,-2.48110072e-05,6.92415543e-05,0
0.508,2.48394014e-05,-6.93194025e-05,0
0.509,-2.48678574e-05,6.93974173e-05,0
0.51,2.48963756e-05,-6.94755998e-05,0
0.511,-2.4924956e-05,6.95539502e-05,0
0.512,2.49535988e-05,-6.96324694e-05,0
0.513,-2.49823041e-05,6.97111575e-05,0
0.514,2.50110725e-05,-6.97900154e-05,0
0.515,-2.50399037e-05,6.98690432e-05,0
0.516,2.50687983e-05,-6.99482423e-05,0
0.517,-2.50977562e-05,7.00276123e-05,0
0.518,2.51267779e-05,-7.01071543e-05,0
0.519,-2.51558635e-05,7.01868682e-05,0
0.52,2.5185013e-05,-7.02667555e-05,0
0.521,-2.52142269e-05,7.03468163e-05,0
0.522,2.52435053e-05,-7.04270512e-05,0
0.523,-2.52728484e-05,7.05074605e-05,0
0.524,2.53022564e-05,-7.05880454e-05,0
0.525,-2.53317296e-05,7.06688057e-05,0
0.526,2.5361268e-05,-7.07497426e-05,0
0.527,-2.53908722e-05,7.08308562e-05,0
0.528,2.5420542e-05,-7.09121475e-05,0
0.529,-2.54502778e-05,7.09936169e-05,0
0.53,2.548008e-05,-7.10752648e-05,0
0.531,-2.55099484e-05,7.11570918e-05,0
0.532,2.55398837e-05,-7.12390992e-05,0
0.533,-2.55698857e-05,7.13212865e-05,0
0.534,2.55999549e-05,-7.14036552e-05,0
0.535,-2.56300914e-05,7.14862052e-05,0
0.536,2.56602955e-05,-7.15689377e-05,0
0.537,-2.56905673e-05,7.1651853e-05,0
0.538,2.57209072e-05,-7.17349514e-05,0
0.539,-2.57513153e-05,7.18182339e-05,0
0.54,2.57817917e-05,-7.19017011e-05,0
0.541,-2.58123371e-05,7.19853535e-05,0
0.542,2.58429511e-05,-7.20691919e-05,0
0.543,-2.58736346e-05,7.21532165e-05,0
0.544,2.59043872e-05,-7.22374285e-05,0
0.545,-2.59352095e-05,7.23218279e-05,0
0.546,2.59661018e-05,-7.2406416e-05,0
0.547,-2.5997064e-05,7.24911928e-05,0
0.548,2.60280966e-05,-7.25761593e-05,0
0.549,-2.60591997e-05,7.26613159e-05,0
0.55,2.60903737e-05,-7.27466635e-05,0
0.551,-2.61216188e-05,7.28322024e-05,0
0.552,2.6152935e-05,-7.29179335e-05,0
0.553,-2.61843229e-05,7.30038575e-05,0
0.554,2.62157825e-05,-7.30899748e-05,0
0.555,-2.62473142e-05,7.31762862e-05,0
0.556,2.6278918e-05,-7.32627925e-05,0
0.557,-2.63105945e-05,7.33494939e-05,0
0.558,2.63423436e-05,-7.34363917e-05,0
0.559,-2.63741658e-05,7.35234859e-05,0
0.56,2.64060613e-05,-7.36107775e-05,0
0.561,-2.64380301e-05,7.36982672e-05,0
0.562,2.64700729e-05,-7.37859556e-05,0
0.563,-2.65021897e-05,7.38738435e-05,0
0.564,2.65343806e-05,-7.39619314e-05,0
0.565,-2.65666462e-05,7.405022e-05,0
0.566,2.65989864e-05,-7.413871e-05,0
0.567,-2.66314018e-05,7.42274023e-05,0
0.568,2.66638924e-05,-7.4316297e-05,0
0.569,-2.66964586e-05,7.44053956e-05,0
0.57,2.67291007e-05,-7.44946982e-05,0
0.571,-2.67618189e-05,7.45842056e-05,0
0.572,2.67946133e-05,-7.46739188e-05,0
0.573,-2.68274844e-05,7.47638381e-05,0
0.574,2.68604324e-05,-7.48539644e-05,0
0.575,-2.68934575e-05,7.49442984e-05,0
0.576,2.692656e-05,-7.5034841e-05,0
0.577,-2.69597402e-05,7.51255928e-05,0
0.578,2.69929985e-05,-7.52165542e-05,0
0.579,-2.7026335e-05,7.53077262e-05,0
0.58,2.70597499e-05,-7.53991099e-05,0
0.581,-2.70932437e-05,7.54907053e-05,0
0.582,2.71268164e-05,-7.55825137e-05,0
0.583,-2.71604686e-05,7.56745353e-05,0
0.584,2.71942003e-05,-7.57667715e-05,0
0.585,-2.7228012e-05,7.58592224e-05,0
0.586,2.72619039e-05,-7.59518891e-05,0
0.587,-2.72958763e-05,7.60447725e-05,0
0.588,2.73299293e-05,-7.61378732e-05,0
0.589,-2.73640635e-05,7.62311917e-05,0
0.59,2.73982789e-05,-7.63247291e-05,0
0.591,-2.7432576e-05,7.6418486e-05,0
0.592,2.7466955e-05,-7.65124633e-05,0
0.593,-2.75014161e-05,7.66066617e-05,0
0.594,2.75359598e-05,-7.67010819e-05,0
0.595,-2.75705863e-05,7.67957246e-05,0
0.596,2.76052959e-05,-7.6890591e-05,0
0.597,-2.76400887e-05,7.69856816e-05,0
0.598,2.76749653e-05,-7.70809972e-05,0
0.599,-2.77099259e-05,7.71765384e-05,0
0.6,2.77449707e-05,-7.72723065e-05,0
0.601,-2.77801002e-05,7.73683019e-05,0
0.602,2.78153145e-05,-7.74645255e-05,0
0.603,-2.7850614e-05,7.75609781e-05,0
0.604,2.7885999e-05,-7.76576605e-05,0
0.605,-2.79214699e-05,7.77545736e-05,0
0.606,2.79570268e-05,-7.78517183e-05,0
0.607,-2.79926702e-05,7.79490952e-05,0
0.608,2.80284003e-05,-7.80467052e-05,0
0.609,-2.80642174e-05,7.81445492e-05,0
0.61,2.81001221e-05,-7.82426281e-05,0
0.611,-2.81361142e-05,7.83409425e-05,0
0.612,2.81721945e-05,-7.84394936e-05,0
0.613,-2.82083631e-05,7.85382819e-05,0
0.614,2.82446203e-05,-7.86373085e-05,0
0.615,-2.82809666e-05,7.8736574e-05,0
0.616,2.83174021e-05,-7.88360795e-05,0
0.617,-2.83539272e-05,7.89358258e-05,0
0.618,2.83905425e-05,-7.90358137e-05,0
0.619,-2.84272479e-05,7.91360441e-05,0
0.62,2.84640439e-05,-7.92365182e-05,0
0.621,-2.8500931e-05,7.93372363e-05,0
0.622,2.85379092e-05,-7.94381999e-05,0
0.623,-2.85749792e-05,7.95394092e-05,0
0.624,2.86121411e-05,-7.96408655e-05,0
0.625,-2.86493952e-05,7.97425699e-05,0
0.626,2.86867422e-05,-7.9844523e-05,0
0.627,-2.87241821e-05,7.99467257e-05,0
0.628,2.87617153e-05,-8.00491792e-05,0
0.629,-2.87993423e-05,8.0151884e-05,0
0.63,2.88370632e-05,-8.02548413e-05,0
0.631,-2.88748785e-05,8.03580519e-05,0
0.632,2.89127886e-05,-8.0461517e-05,0
0.633,-2.89507937e-05,8.05652373e-05,0
0.634,2.89888944e-05,-8.06692136e-05,0
0.635,-2.90270909e-05,8.07734471e-05,0
0.636,2.90653834e-05,-8.08779387e-05,0
0.637,-2.91037725e-05,8.09826893e-05,0
0.638,2.91422586e-05,-8.10876999e-05,0
0.639,-2.91808419e-05,8.11929714e-05,0
0.64,2.92195227e-05,-8.12985049e-05,0
0.641,-2.92583016e-05,8.14043012e-05,0
0.642,2.9297179e-05,-8.15103616e-05,0
0.643,-2.93361549e-05,8.16166865e-05,0
0.644,2.93752301e-05,-8.17232776e-05,0
0.645,-2.94144046e-05,8.18301353e-05,0
0.646,2.94536792e-05,-8.1937261e-05,0
0.647,-2.94930538e-05,8.20446552e-05,0
0.648,2.95325292e-05,-8.21523196e-05,0
0.649,-2.95721055e-05,8.22602549e-05,0
0.65,2.96117833e-05,-8.23684617e-05,0
0.651,-2.96515628e-05,8.24769417e-05,0
0.652,2.96914445e-05,-8.25856957e-05,0
0.653,-2.97314288e-05,8.26947243e-05,0
0.654,2.9771516e-05,-8.28040292e-05,0
0.655,-2.98117066e-05,8.2913611e-05,0
0.656,2.98520008e-05,-8.30234711e-05,0
0.657,-2.98923994e-05,8.31336101e-05,0
0.658,2.99329024e-05,-8.32440295e-05,0
0.659,-2.99735104e-05,8.335473e-05,0
0.66,3.00142237e-05,-8.34657131e-05,0
0.661,-3.00550428e-05,8.35769796e-05,0
0.662,3.00959682e-05,-8.36885305e-05,0
0.663,-3.0137e-05,8.3800367e-05,0
0.664,3.0178139e-05,-8.39124902e-05,0
0.665,-3.02193854e-05,8.40249013e-05,0
0.666,3.02607396e-05,-8.41376012e-05,0
0.667,-3.0302202e-05,8.42505909e-05,0
0.668,3.03437731e-05,-8.4363872e-05,0
0.669,-3.03854534e-05,8.44774451e-05,0
0.67,3.04272431e-05,-8.45913119e-05,0
0.671,-3.04691429e-05,8.47054729e-05,0
0.672,3.05111531e-05,-8.48199297e-05,0
0.673,-3.0553274e-05,8.49346832e-05,0
0.674,3.05955063e-05,-8.50497348e-05,0
0.675,-3.06378503e-05,8.51650854e-05,0
0.676,3.06803064e-05,-8.52807362e-05,0
0.677,-3.07228751e-05,8.53966884e-05,0
0.678,3.07655568e-05,-8.55129434e-05,0
0.679,-3.08083521e-05,8.56295018e-05,0
0.68,3.08512614e-05,-8.57463655e-05,0
0.681,-3.08942849e-05,8.58635353e-05,0
0.682,3.09374234e-05,-8.59810123e-05,0
0.683,-3.09806771e-05,8.60987979e-05,0
0.684,3.10240466e-05,-8.62168935e-05,0
0.685,-3.10675323e-05,8.63352999e-05,0
0.686,3.11111348e-05,-8.64540187e-05,0
0.687,-3.11548544e-05,8.65730507e-05,0
0.688,3.11986917e-05,-8.66923975e-05,0
0.689,-3.1242647e-05,8.68120602e-05,0
0.69,3.1286721e-05,-8.69320401e-05,0
0.691,-3.1330914e-05,8.70523385e-05,0
0.692,3.13752264e-05,-8.71729566e-05,0
0.693,-3.1419659e-05,8.72938956e-05,0
0.694,3.1464212e-05,-8.74151571e-05,0
0.695,-3.15088861e-05,8.75367417e-05,0
0.696,3.15536816e-05,-8.76586514e-05,0
0.697,-3.15985991e-05,8.77808874e-05,0
0.698,3.16436391e-05,-8.79034504e-05,0
0.699,-3.16888021e-05,8.80263425e-05,0
0.7,3.17340884e-05,-8.81495645e-05,0
0.701,-3.17794989e-05,8.82731178e-05,0
0.702,3.18250338e-05,-8.83970039e-05,0
0.703,-3.18706938e-05,8.8521224e-05,0
0.704,3.19164791e-05,-8.86457797e-05,0
0.705,-3.19623904e-05,8.8770672e-05,0
0.706,3.20084285e-05,-8.88959026e-05,0
0.707,-3.20545935e-05,8.90214726e-05,0
0.708,3.21008861e-05,-8.91473835e-05,0
0.709,-3.21473068e-05,8.92736367e-05,0
0.71,3.21938562e-05,-8.94002335e-05,0
0.711,-3.22405347e-05,8.95271751e-05,0
0.712,3.22873429e-05,-8.96544635e-05,0
0.713,-3.23342814e-05,8.97820995e-05,0
0.714,3.23813507e-05,-8.99100848e-05,0
0.715,-3.24285514e-05,9.00384211e-05,0
0.716,3.24758839e-05,-9.01671095e-05,0
0.717,-3.25233488e-05,9.02961513e-05,0
0.718,3.25709467e-05,-9.04255484e-05,0
0.719,-3.26186782e-05,9.05553017e-05,0
0.72,3.26665438e-05,-9.06854133e-05,0
0.721,-3.2714544e-05,9.08158843e-05,0
0.722,3.27626795e-05,-9.09467161e-05,0
0.723,-3.28109507e-05,9.10779103e-05,0
0.724,3.28593584e-05,-9.12094687e-05,0
0.725,-3.2907903e-05,9.13413926e-05,0
0.726,3.2956585e-05,-9.14736834e-05,0
0.727,-3.30054053e-05,9.16063424e-05,0
0.728,3.30543642e-05,-9.17393718e-05,0
0.729,-3.31034624e-05,9.18727727e-05,0
0.73,3.31527005e-05,-9.20065468e-05,0
0.731,-3.3202079e-05,9.21406955e-05,0
0.732,3.32515986e-05,-9.22752205e-05,0
0.733,-3.33012599e-05,9.24101234e-05,0
0.734,3.33510634e-05,-9.25454056e-05,0
0.735,-3.34010099e-05,9.26810689e-05,0
0.736,3.34510998e-05,-9.2817115e-05,0
0.737,-3.35013339e-05,9.29535453e-05,0
0.738,3.35517127e-05,-9.30903613e-05,0
0.739,-3.36022368e-05,9.3227565e-05,0
0.74,3.36529069e-05,-9.33651579e-05,0
0.741,-3.37037237e-05,9.35031415e-05,0
0.742,3.37546876e-05,-9.36415177e-05,0
0.743,-3.38057996e-05,9.37802878e-05,0
0.744,3.385706e-05,-9.39194538e-05,0
0.745,-3.39084695e-05,9.40590175e-05,0
0.746,3.39600289e-05,-9.41989803e-05,0
0.747,-3.40117388e-05,9.4339344e-05,0
0.748,3.40635997e-05,-9.44801105e-05,0
0.749,-3.41156126e-05,9.46212812e-05,0
0.75,3.41677777e-05,-9.47628581e-05,0
0.751,-3.42200961e-05,9.49048428e-05,0
0.752,3.42725683e-05,-9.50472371e-05,0
0.753,-3.43251948e-05,9.51900428e-05,0
0.754,3.43779767e-05,-9.53332617e-05,0
0.755,-3.44309143e-05,9.54768955e-05,0
0.756,3.44840083e-05,-9.56209461e-05,0
0.757,-3.45372597e-05,9.57654154e-05,0
0.758,3.4590669e-05,-9.59103049e-05,0
0.759,-3.46442368e-05,9.60556167e-05,0
0.76,3.46979639e-05,-9.62013525e-05,0
0.761,-3.4751851e-05,9.63475144e-05,0
0.762,3.4805899e-05,-9.64941037e-05,0
0.763,-3.48601084e-05,9.66411229e-05,0
0.764,3.49144798e-05,-9.67885737e-05,0
0.765,-3.49690142e-05,9.69364577e-05,0
0.766,3.50237123e-05,-9.70847773e-05,0
0.767,-3.50785747e-05,9.72335341e-05,0
0.768,3.51336021e-05,-9.738273e-05,0
0.769,-3.51887954e-05,9.75323671e-05,0
0.77,3.52441554e-05,-9.76824472e-05,0
0.771,-3.52996826e-05,9.78329722e-05,0
0.772,3.53553779e-05,-9.79839447e-05,0
0.773,-3.54112421e-05,9.81353659e-05,0
0.774,3.54672759e-05,-9.82872382e-05,0
0.775,-3.55234801e-05,9.84395632e-05,0
0.776,3.55798554e-05,-9.85923437e-05,0
0.777,-3.56364027e-05,9.8745581e-05,0
0.778,3.56931228e-05,-9.88992776e-05,0
0.779,-3.57500163e-05,9.90534351e-05,0
0.78,3.58070841e-05,-9.92080564e-05,0
0.781,-3.58643271e-05,9.93631425e-05,0
0.782,3.59217459e-05,-9.95186964e-05,0
0.783,-3.59793415e-05,9.96747196e-05,0
0.784,3.60371145e-05,-9.98312146e-05,0
0.785,-3.6095066e-05,9.99881834e-05,0
0.786,3.61531967e-05,-0.000100145628,0
0.787,-3.62115072e-05,0.000100303551,0
0.788,3.62699987e-05,-0.000100461954,0
0.789,-3.63286719e-05,0.00010062084,0
0.79,3.63875275e-05,-0.00010078021,0
0.791,-3.64465666e-05,0.000100940067,0
0.792,3.65057898e-05,-0.000101100414,0
0.793,-3.65651981e-05,0.000101261252,0
0.794,3.66247924e-05,-0.000101422583,0
0.795,-3.66845735e-05,0.00010158441,0
0.796,3.67445422e-05,-0.000101746736,0
0.797,-3.68046996e-05,0.000101909562,0
0.798,3.68650464e-05,-0.00010207289,0
0.799,-3.69255836e-05,0.000102236724,0
0.8,3.69863119e-05,-0.000102401065,0
0.801,-3.70472324e-05,0.000102565916,0
0.802,3.71083461e-05,-0.00010273128,0
0.803,-3.71696536e-05,0.000102897158,0
0.804,3.72311561e-05,-0.000103063552,0
0.805,-3.72928544e-05,0.000103230466,0
0.806,3.73547495e-05,-0.000103397902,0
0.807,-3.74168422e-05,0.000103565862,0
0.808,3.74791336e-05,-0.000103734349,0
0.809,-3.75416245e-05,0.000103903365,0
0.81,3.76043162e-05,-0.000104072913,0
0.811,-3.76672092e-05,0.000104242995,0
0.812,3.77303046e-05,-0.000104413613,0
0.813,-3.77936036e-05,0.000104584771,0
0.814,3.7857107e-05,-0.000104756471,0
0.815,-3.79208158e-05,0.000104928715,0
0.816,3.79847311e-05,-0.000105101505,0
0.817,-3.80488537e-05,0.000105274846,0
0.818,3.81131848e-05,-0.000105448738,0
0.819,-3.81777253e-05,0.000105623185,0
0.82,3.82424762e-05,-0.00010579819,0
0.821,-3.83074387e-05,0.000105973755,0
0.822,3.83726136e-05,-0.000106149883,0
0.823,-3.84380022e-05,0.000106326576,0
0.824,3.85036052e-05,-0.000106503837,0
0.825,-3.8569424e-05,0.00010668167,0
0.826,3.86354595e-05,-0.000106860076,0
0.827,-3.87017128e-05,0.000107039058,0
0.828,3.87681849e-05,-0.00010721862,0
0.829,-3.8834877e-05,0.000107398764,0
0.83,3.890179e-05,-0.000107579493,0
0.831,-3.89689252e-05,0.000107760809,0
0.832,3.90362837e-05,-0.000107942717,0
0.833,-3.91038664e-05,0.000108125218,0
0.834,3.91716747e-05,-0.000108308315,0
0.835,-3.92397095e-05,0.000108492011,0
0.836,3.9307972e-05,-0.00010867631,0
0.837,-3.93764634e-05,0.000108861214,0
0.838,3.94451847e-05,-0.000109046726,0
0.839,-3.95141373e-05,0.00010923285,0
0.84,3.95833221e-05,-0.000109419587,0
0.841,-3.96527404e-05,0.000109606942,0
0.842,3.97223935e-05,-0.000109794917,0
0.843,-3.97922824e-05,0.000109983516,0
0.844,3.98624082e-05,-0.000110172741,0
0.845,-3.99327724e-05,0.000110362596,0
0.846,4.00033761e-05,-0.000110553083,0
0.847,-4.00742204e-05,0.000110744207,0
0.848,4.01453066e-05,-0.000110935969,0
0.849,-4.0216636e-05,0.000111128374,0
0.85,4.02882098e-05,-0.000111321424,0
0.851,-4.03600293e-05,0.000111515123,0
0.852,4.04320956e-05,-0.000111709475,0
0.853,-4.05044102e-05,0.000111904481,0
0.854,4.05769741e-05,-0.000112100146,0
0.855,-4.06497889e-05,0.000112296473,0
0.856,4.07228556e-05,-0.000112493466,0
0.857,-4.07961757e-05,0.000112691127,0
0.858,4.08697505e-05,-0.000112889461,0
0.859,-4.09435813e-05,0.000113088469,0
0.86,4.10176693e-05,-0.000113288157,0
0.861,-4.10920162e-05,0.000113488528,0
0.862,4.11666229e-05,-0.000113689584,0
0.863,-4.1241491e-05,0.00011389133,0
0.864,4.13166219e-05,-0.000114093769,0
0.865,-4.13920168e-05,0.000114296904,0
0.866,4.14676775e-05,-0.00011450074,0
0.867,-4.15436049e-05,0.000114705279,0
0.868,4.16198006e-05,-0.000114910526,0
0.869,-4.16962661e-05,0.000115116484,0
0.87,4.17730028e-05,-0.000115323157,0
0.871,-4.18500121e-05,0.000115530548,0
0.872,4.19272954e-05,-0.000115738662,0
0.873,-4.20048543e-05,0.000115947502,0
0.874,4.20826902e-05,-0.000116157071,0
0.875,-4.21608045e-05,0.000116367374,0
0.876,4.22391987e-05,-0.000116578416,0
0.877,-4.23178746e-05,0.000116790198,0
0.878,4.23968332e-05,-0.000117002725,0
0.879,-4.24760766e-05,0.000117216002,0
0.88,4.25556058e-05,-0.000117430032,0
0.881,-4.26354226e-05,0.000117644819,0
0.882,4.27155287e-05,-0.000117860367,0
0.883,-4.27959254e-05,0.000118076681,0
0.884,4.28766143e-05,-0.000118293764,0
0.885,-4.29575973e-05,0.00011851162,0
0.886,4.30388756e-05,-0.000118730254,0
0.887,-4.3120451e-05,0.00011894967,0
0.888,4.32023251e-05,-0.000119169872,0
0.889,-4.32844996e-05,0.000119390864,0
0.89,4.33669762e-05,-0.00011961265,0
0.891,-4.34497564e-05,0.000119835234,0
0.892,4.35328419e-05,-0.000120058622,0
0.893,-4.36162345e-05,0.000120282817,0
0.894,4.36999357e-05,-0.000120507824,0
0.895,-4.37839475e-05,0.000120733647,0
0.896,4.38682713e-05,-0.000120960291,0
0.897,-4.39529091e-05,0.000121187759,0
0.898,4.40378626e-05,-0.000121416058,0
0.899,-4.41231334e-05,0.00012164519,0
0.9,4.42087234e-05,-0.000121875161,0
0.901,-4.42946344e-05,0.000122105975,0
0.902,4.43808682e-05,-0.000122337637,0
0.903,-4.44674266e-05,0.000122570151,0
0.904,4.45543114e-05,-0.000122803523,0
0.905,-4.46415245e-05,0.000123037757,0
0.906,4.47290677e-05,-0.000123272857,0
0.907,-4.48169429e-05,0.000123508829,0
0.908,4.49051519e-05,-0.000123745678,0
0.909,-4.49936968e-05,0.000123983408,0
0.91,4.50825793e-05,-0.000124222024,0
0.911,-4.51718015e-05,0.000124461531,0
0.912,4.52613652e-05,-0.000124701935,0
0.913,-4.53512725e-05,0.00012494324,0
0.914,4.54415253e-05,-0.000125185451,0
0.915,-4.55321255e-05,0.000125428573,0
0.916,4.56230752e-05,-0.000125672612,0
0.917,-4.57143765e-05,0.000125917573,0
0.918,4.58060312e-05,-0.000126163461,0
0.919,-4.58980416e-05,0.00012641028,0
0.92,4.59904096e-05,-0.000126658038,0
0.921,-4.60831374e-05,0.000126906738,0
0.922,4.61762271e-05,-0.000127156387,0
0.923,-4.62696807e-05,0.000127406988,0
0.924,4.63635002e-05,-0.00012765855,0
0.925,-4.64576882e-05,0.000127911076,0
0.926,4.65522465e-05,-0.000128164572,0
0.927,-4.66471773e-05,0.000128419043,0
0.928,4.6742483e-05,-0.000128674497,0
0.929,-4.68381656e-05,0.000128930937,0
0.93,4.69342275e-05,-0.00012918837,0
0.931,-4.70306709e-05,0.000129446802,0
0.932,4.7127498e-05,-0.000129706238,0
0.933,-4.72247111e-05,0.000129966684,0
0.934,4.73223126e-05,-0.000130228147,0
0.935,-4.74203048e-05,0.000130490631,0
0.936,4.75186899e-05,-0.000130754144,0
0.937,-4.76174705e-05,0.000131018691,0
0.938,4.77166488e-05,-0.000131284278,0
0.939,-4.78162272e-05,0.000131550911,0
0.94,4.79162082e-05,-0.000131818597,0
0.941,-4.80165942e-05,0.000132087342,0
0.942,4.81173877e-05,-0.000132357152,0
0.943,-4.82185912e-05,0.000132628033,0
0.944,4.8320207e-05,-0.000132899992,0
0.945,-4.84222378e-05,0.000133173036,0
0.946,4.85246861e-05,-0.00013344717,0
0.947,-4.86275545e-05,0.000133722401,0
0.948,4.87308455e-05,-0.000133998736,0
0.949,-4.88345618e-05,0.000134276181,0
0.95,4.89387058e-05,-0.000134554744,0
0.951,-4.90432806e-05,0.000134834431,0
0.952,4.91482883e-05,-0.000135115249,0
0.953,-4.92537319e-05,0.000135397204,0
0.954,4.93596141e-05,-0.000135680303,0
0.955,-4.94659377e-05,0.000135964554,0
0.956,4.95727052e-05,-0.000136249964,0
0.957,-4.96799197e-05,0.000136536539,0
0.958,4.97875837e-05,-0.000136824287,0
0.959,-4.98957003e-05,0.000137113215,0
0.96,5.0004272e-05,-0.00013740333,0
0.961,-5.01133021e-05,0.00013769464,0
0.962,5.02227932e-05,-0.000137987151,0
0.963,-5.03327483e-05,0.000138280872,0
0.964,5.04431703e-05,-0.00013857581,0
0.965,-5.05540624e-05,0.000138871973,0
0.966,5.06654273e-05,-0.000139169367,0
0.967,-5.07772681e-05,0.000139468001,0
0.968,5.08895879e-05,-0.000139767883,0
0.969,-5.10023899e-05,0.00014006902,0
0.97,5.1115677e-05,-0.00014037142,0
0.971,-5.12294523e-05,0.000140675092,0
0.972,5.13437192e-05,-0.000140980043,0
0.973,-5.14584807e-05,0.000141286281,0
0.974,5.15737399e-05,-0.000141593815,0
0.975,-5.16895003e-05,0.000141902652,0
0.976,5.1805765e-05,-0.000142212801,0
0.977,-5.19225374e-05,0.000142524271,0
0.978,5.20398207e-05,-0.000142837069,0
0.979,-5.21576183e-05,0.000143151205,0
0.98,5.22759336e-05,-0.000143466687,0
0.981,-5.239477e-05,0.000143783523,0
0.982,5.25141309e-05,-0.000144101722,0
0.983,-5.26340198e-05,0.000144421294,0
0.984,5.27544403e-05,-0.000144742246,0
0.985,-5.28753957e-05,0.000145064589,0
0.986,5.29968899e-05,-0.000145388331,0
0.987,-5.31189261e-05,0.00014571348,0
0.988,5.32415081e-05,-0.000146040047,0
0.989,-5.33646398e-05,0.00014636804,0
0.99,5.34883245e-05,-0.00014669747,0
0.991,-5.36125661e-05,0.000147028345,0
0.992,5.37373685e-05,-0.000147360674,0
0.993,-5.38627352e-05,0.000147694468,0
0.994,5.39886703e-05,-0.000148029737,0
0.995,-5.41151774e-05,0.000148366489,0
0.996,5.42422606e-05,-0.000148704735,0
0.997,-5.43699238e-05,0.000149044485,0
0.998,5.44981709e-05,-0.000149385749,0
0.999,-5.46270059e-05,0.000149728536,0
1,5.47564329e-05,-0.000150072858,0
1.001,-5.4886456e-05,0.000150418724,0.00384
1.002,5.50170792e-05,-0.000150766146,0.00768
1.003,-5.51483068e-05,0.000151115132,0.01152
1.004,5.52801429e-05,-0.000151465695,0.01536
1.005,-5.54125917e-05,0.000151817844,0.0192
1.006,5.55456575e-05,-0.000152171591,0.02304
1.007,-5.56793447e-05,0.000152526946,0.02688
1.008,5.58136575e-05,-0.00015288392,0.03072
1.009,-5.59486004e-05,0.000153242525,0.03456
1.01,5.60841779e-05,-0.000153602771,0.0384
1.011,-5.62203942e-05,0.00015396467,0.04224
1.012,5.6357254e-05,-0.000154328234,0.04608
1.013,-5.6494762e-05,0.000154693473,0.04992
1.014,5.66329225e-05,-0.000155060399,0.05376
1.015,-5.67717403e-05,0.000155429025,0.0576
1.016,5.69112201e-05,-0.000155799361,0.06144
1.017,-5.70513665e-05,0.000156171421,0.06528
1.018,5.71921846e-05,-0.000156545215,0.06912
1.019,-5.73336789e-05,0.000156920756,0.07296
1.02,5.74758543e-05,-0.000157298057,0.0768
1.021,-5.76187159e-05,0.000157677129,0.08064
1.022,5.77622685e-05,-0.000158057985,0.08448
1.023,-5.79065172e-05,0.000158440638,0.08832
1.024,5.8051467e-05,-0.000158825101,0.09216
1.025,-5.81971231e-05,0.000159211386,0.096
1.026,5.83434906e-05,-0.000159599506,0.09984
1.027,-5.84905747e-05,0.000159989474,0.10368
1.028,5.86383807e-05,-0.000160381305,0.10752
1.029,-5.87869138e-05,0.00016077501,0.11136
1.03,5.89361796e-05,-0.000161170604,0.1152
1.031,-5.90861833e-05,0.0001615681,0.11904
1.032,5.92369304e-05,-0.000161967511,0.12288
1.033,-5.93884265e-05,0.000162368853,0.12672
1.034,5.95406772e-05,-0.000162772138,0.13056
1.035,-5.9693688e-05,0.000163177381,0.1344
1.036,5.98474647e-05,-0.000163584596,0.13824
1.037,-6.00020131e-05,0.000163993798,0.14208
1.038,6.01573388e-05,-0.000164405001,0.14592
1.039,-6.03134479e-05,0.000164818219,0.14976
1.04,6.04703462e-05,-0.000165233468,0.1536
1.041,-6.06280397e-05,0.000165650763,0.15744
1.042,6.07865345e-05,-0.000166070119,0.16128
1.043,-6.09458366e-05,0.000166491551,0.16512
1.044,6.11059522e-05,-0.000166915075,0.16896
1.045,-6.12668877e-05,0.000167340705,0.1728
1.046,6.14286491e-05,-0.000167768459,0.17664
1.047,-6.15912429e-05,0.000168198351,0.18048
1.048,6.17546757e-05,-0.000168630398,0.18432
1.049,-6.19189537e-05,0.000169064617,0.18816
1.05,6.20840837e-05,-0.000169501022,0.192
1.051,-6.22500721e-05,0.000169939632,0.19584
1.052,6.24169256e-05,-0.000170380463,0.19968
1.053,-6.25846513e-05,0.000170823531,0.20352
1.054,6.27532557e-05,-0.000171268854,0.20736
1.055,-6.29227458e-05,0.000171716449,0.2112
1.056,6.30931286e-05,-0.000172166334,0.21504
1.057,-6.32644112e-05,0.000172618526,0.21888
1.058,6.34366007e-05,-0.000173073042,0.22272
1.059,-6.36097041e-05,0.000173529901,0.22656
1.06,6.37837289e-05,-0.000173989122,0.2304
1.061,-6.39586825e-05,0.000174450721,0.23424
1.062,6.41345722e-05,-0.000174914718,0.23808
1.063,-6.43114056e-05,0.000175381132,0.24192
1.064,6.44891902e-05,-0.000175849981,0.24576
1.065,-6.46679337e-05,0.000176321285,0.2496
1.066,6.4847644e-05,-0.000176795062,0.25344
1.067,-6.50283287e-05,0.000177271333,0.25728
1.068,6.5209996e-05,-0.000177750117,0.26112
1.069,-6.53926537e-05,0.000178231434,0.26496
1.07,6.557631e-05,-0.000178715304,0.2688
1.071,-6.5760973e-05,0.000179201748,0.27264
1.072,6.59466511e-05,-0.000179690786,0.27648
1.073,-6.61333525e-05,0.000180182439,0.28032
1.074,6.63210861e-05,-0.000180676727,0.28416
1.075,-6.65098599e-05,0.000181173673,0.288
1.076,6.66996828e-05,-0.000181673298,0.29184
1.077,-6.68905636e-05,0.000182175623,0.29568
1.078,6.70825109e-05,-0.00018268067,0.29952
1.079,-6.7275534e-05,0.000183188461,0.30336
1.08,6.74696417e-05,-0.00018369902,0.3072
1.081,-6.76648432e-05,0.000184212368,0.31104
1.082,6.78611479e-05,-0.000184728528,0.31488
1.083,-6.80585649e-05,0.000185247524,0.31872
1.084,6.82571038e-05,-0.00018576938,0.32256
1.085,-6.84567741e-05,0.000186294117,0.3264
1.086,6.86575855e-05,-0.000186821762,0.33024
1.087,-6.88595478e-05,0.000187352337,0.33408
1.088,6.90626709e-05,-0.000187885868,0.33792
1.089,-6.92669648e-05,0.000188422379,0.34176
1.09,6.94724397e-05,-0.000188961895,0.3456
1.091,-6.96791057e-05,0.000189504442,0.34944
1.092,6.98869733e-05,-0.000190050044,0.35328
1.093,-7.00960529e-05,0.000190598729,0.35712
1.094,7.03063551e-05,-0.000191150521,0.36096
1.095,-7.05178907e-05,0.000191705449,0.3648
1.096,7.07306704e-05,-0.000192263537,0.36864
1.097,-7.09447054e-05,0.000192824814,0.37248
1.098,7.11600067e-05,-0.000193389306,0.37632
1.099,-7.13765855e-05,0.000193957043,0.38016
1.1,7.15944533e-05,-0.000194528051,0.384
1.101,-7.18136215e-05,0.000195102358,0.38784
1.102,7.20341017e-05,-0.000195679995,0.39168
1.103,-7.22559058e-05,0.000196260989,0.39552
1.104,7.24790458e-05,-0.000196845369,0.39936
1.105,-7.27035335e-05,0.000197433167,0.4032
1.106,7.29293815e-05,-0.000198024411,0.40704
1.107,-7.31566019e-05,0.000198619132,0.41088
1.108,7.33852073e-05,-0.000199217361,0.41472
1.109,-7.36152103e-05,0.00019981913,0.41856
1.11,7.38466237e-05,-0.000200424468,0.4224
1.111,-7.40794606e-05,0.000201033409,0.42624
1.112,7.43137342e-05,-0.000201645984,0.43008
1.113,-7.45494575e-05,0.000202262227,0.43392
1.114,7.47866444e-05,-0.000202882169,0.43776
1.115,-7.50253082e-05,0.000203505846,0.4416
1.116,7.52654627e-05,-0.000204133289,0.44544
1.117,-7.55071221e-05,0.000204764535,0.44928
1.118,7.57503005e-05,-0.000205399616,0.45312
1.119,-7.59950121e-05,0.00020603857,0.45696
1.12,7.62412715e-05,-0.000206681429,0.4608
1.121,-7.64890932e-05,0.000207328232,0.46464
1.122,7.67384926e-05,-0.000207979014,0.46848
1.123,-7.69894842e-05,0.000208633812,0.47232
1.124,7.72420835e-05,-0.000209292663,0.47616
1.125,-7.7496306e-05,0.000209955606,0.48
1.126,7.77521672e-05,-0.000210622677,0.48384
1.127,-7.80096832e-05,0.000211293916,0.48768
1.128,7.82688699e-05,-0.000211969363,0.49152
1.129,-7.85297435e-05,0.000212649056,0.49536
1.13,7.87923207e-05,-0.000213333036,0.4992
1.131,-7.9056618e-05,0.000214021344,0.50304
1.132,7.93226524e-05,-0.000214714021,0.50688
1.133,-7.95904411e-05,0.000215411108,0.51072
1.134,7.98600014e-05,-0.000216112649,0.51456
1.135,-8.01313508e-05,0.000216818684,0.5184
1.136,8.04045073e-05,-0.000217529259,0.52224
1.137,-8.06794888e-05,0.000218244417,0.52608
1.138,8.09563139e-05,-0.000218964201,0.52992
1.139,-8.12350008e-05,0.000219688659,0.53376
1.14,8.15155684e-05,-0.000220417834,0.5376
1.141,-8.1798036e-05,0.000221151773,0.54144
1.142,8.20824226e-05,-0.000221890524,0.54528
1.143,-8.23687478e-05,0.000222634133,0.54912
1.144,8.26570317e-05,-0.000223382649,0.55296
1.145,-8.29472941e-05,0.00022413612,0.5568
1.146,8.32395558e-05,-0.000224894596,0.56064
1.147,-8.3533837e-05,0.000225658126,0.56448
1.148,8.38301589e-05,-0.000226426762,0.56832
1.149,-8.41285427e-05,0.000227200555,0.57216
1.15,8.44290101e-05,-0.000227979556,0.576
1.151,-8.47315827e-05,0.00022876382,0.57984
1.152,8.50362827e-05,-0.000229553398,0.58368
1.153,-8.53431327e-05,0.000230348346,0.58752
1.154,8.56521554e-05,-0.000231148718,0.59136
1.155,-8.59633738e-05,0.00023195457,0.5952
1.156,8.62768115e-05,-0.000232765958,0.59904
1.157,-8.65924922e-05,0.00023358294,0.60288
1.158,8.69104399e-05,-0.000234405574,0.60672
1.159,-8.72306792e-05,0.000235233919,0.61056
1.16,8.75532348e-05,-0.000236068034,0.6144
1.161,-8.78781319e-05,0.000236907979,0.61824
1.162,8.82053961e-05,-0.000237753817,0.62208
1.163,-8.8535053e-05,0.000238605609,0.62592
1.164,8.88671293e-05,-0.000239463418,0.62976
1.165,-8.92016513e-05,0.000240327309,0.6336
1.166,8.95386462e-05,-0.000241197346,0.63744
1.167,-8.98781415e-05,0.000242073596,0.64128
1.168,9.0220165e-05,-0.000242956124,0.64512
1.169,-9.0564745e-05,0.000243844999,0.64896
1.17,9.09119102e-05,-0.00024474029,0.6528
1.171,-9.12616896e-05,0.000245642065,0.65664
1.172,9.16141129e-05,-0.000246550396,0.66048
1.173,-9.19692102e-05,0.000247465355,0.66432
1.174,9.23270117e-05,-0.000248387014,0.66816
1.175,-9.26875485e-05,0.000249315448,0.672
1.176,9.30508521e-05,-0.00025025073,0.67584
1.177,-9.34169542e-05,0.000251192939,0.67968
1.178,9.37858874e-05,-0.000252142149,0.68352
1.179,-9.41576842e-05,0.00025309844,0.68736
1.18,9.45323782e-05,-0.000254061892,0.6912
1.181,-9.49100035e-05,0.000255032585,0.69504
1.182,9.52905943e-05,-0.0002560106,0.69888
1.183,-9.56741856e-05,0.000256996022,0.70272
1.184,9.6060813e-05,-0.000257988935,0.70656
1.185,-9.64505125e-05,0.000258989425,0.7104
1.186,9.6843321e-05,-0.000259997577,0.71424
1.187,-9.72392754e-05,0.000261013482,0.71808
1.188,9.76384138e-05,-0.000262037228,0.72192
1.189,-9.80407746e-05,0.000263068908,0.72576
1.19,9.84463968e-05,-0.000264108612,0.7296
1.191,-9.88553202e-05,0.000265156436,0.73344
1.192,9.92675852e-05,-0.000266212475,0.73728
1.193,-9.96832326e-05,0.000267276826,0.74112
1.194,0.000100102304,-0.000268349587,0.74496
1.195,-0.000100524843,0.000269430859,0.7488
1.196,0.000100950891,-0.000270520744,0.75264
1.197,-0.000101380492,0.000271619343,0.75648
1.198,0.000101813692,-0.000272726764,0.76032
1.199,-0.000102250534,0.000273843111,0.76416
1.2,0.000102691066,-0.000274968494,0.768
1.201,-0.000103135334,0.000276103023,0.77184
1.202,0.000103583386,-0.00027724681,0.77568
1.203,-0.00010403527,0.000278399968,0.77952
1.204,0.000104491035,-0.000279562614,0.78336
1.205,-0.000104950732,0.000280734864,0.7872
1.206,0.000105414411,-0.000281916839,0.79104
1.207,-0.000105882124,0.00028310866,0.79488
1.208,0.000106353924,-0.00028431045,0.79872
1.209,-0.000106829865,0.000285522335,0.80256
1.21,0.000107310001,-0.000286744443,0.8064
1.211,-0.000107794387,0.000287976904,0.81024
1.212,0.000108283081,-0.00028921985,0.81408
1.213,-0.000108776139,0.000290473415,0.81792
1.214,0.000109273621,-0.000291737736,0.82176
1.215,-0.000109775586,0.000293012953,0.8256
1.216,0.000110282095,-0.000294299206,0.82944
1.217,-0.000110793209,0.000295596639,0.83328
1.218,0.000111308991,-0.0002969054,0.83712
1.219,-0.000111829506,0.000298225636,0.84096
1.22,0.000112354819,-0.0002995575,0.8448
1.221,-0.000112884996,0.000300901147,0.84864
1.222,0.000113420104,-0.000302256732,0.85248
1.223,-0.000113960213,0.000303624416,0.85632
1.224,0.000114505393,-0.000305004362,0.86016
1.225,-0.000115055716,0.000306396735,0.864
1.226,0.000115611254,-0.000307801704,0.86784
1.227,-0.000116172082,0.000309219442,0.87168
1.228,0.000116738275,-0.000310650122,0.87552
1.229,-0.00011730991,0.000312093923,0.87936
1.23,0.000117887067,-0.000313551026,0.8832
1.231,-0.000118469824,0.000315021616,0.88704
1.232,0.000119058265,-0.000316505881,0.89088
1.233,-0.000119652471,0.000318004013,0.89472
1.234,0.000120252529,-0.000319516207,0.89856
1.235,-0.000120858524,0.000321042663,0.9024
1.236,0.000121470546,-0.000322583582,0.90624
1.237,-0.000122088683,0.000324139172,0.91008
1.238,0.000122713028,-0.000325709643,0.91392
1.239,-0.000123343674,0.00032729521,0.91776
1.24,0.000123980717,-0.000328896091,0.9216
1.241,-0.000124624255,0.00033051251,0.92544
1.242,0.000125274387,-0.000332144695,0.92928
1.243,-0.000125931214,0.000333792876,0.93312
1.244,0.000126594841,-0.00033545729,0.93696
1.245,-0.000127265373,0.000337138179,0.9408
1.246,0.000127942917,-0.000338835788,0.94464
1.247,-0.000128627585,0.000340550369,0.94848
1.248,0.000129319489,-0.000342282176,0.95232
1.249,-0.000130018743,0.000344031472,0.95616
1.25,0.000130725465,-0.000345798522,0.96
1.251,-0.000131439775,0.000347583599,0.96384
1.252,0.000132161795,-0.000349386979,0.96768
1.253,-0.000132891651,0.000351208946,0.97152
1.254,0.00013362947,-0.000353049788,0.97536
1.255,-0.000134375382,0.000354909802,0.9792
1.256,0.000135129522,-0.000356789287,0.98304
1.257,-0.000135892025,0.000358688552,0.98688
1.258,0.000136663032,-0.00036060791,0.99072
1.259,-0.000137442683,0.000362547683,0.99456
1.26,0.000138231126,-0.000364508197,0.9984
1.261,-0.00013902851,0.000366489788,1.00224
1.262,0.000139834985,-0.000368492797,1.00608
1.263,-0.000140650709,0.000370517574,1.00992
1.264,0.000141475841,-0.000372564476,1.01376
1.265,-0.000142310544,0.000374633867,1.0176
1.266,0.000143154985,-0.00037672612,1.02144
1.267,-0.000144009334,0.000378841617,1.02528
1.268,0.000144873766,-0.000380980747,1.02912
1.269,-0.00014574846,0.000383143909,1.03296
1.27,0.0001466336,-0.00038533151,1.0368
1.271,-0.000147529372,0.000387543967,1.04064
1.272,0.000148435969,-0.000389781707,1.04448
1.273,-0.000149353588,0.000392045165,1.04832
1.274,0.000150282429,-0.000394334787,1.05216
1.275,-0.000151222699,0.000396651031,1.056
1.276,0.00015217461,-0.000398994363,1.05984
1.277,-0.000153138377,0.000401365262,1.06368
1.278,0.000154114224,-0.000403764218,1.06752
1.279,-0.000155102378,0.000406191731,1.07136
1.28,0.000156103071,-0.000408648315,1.0752
1.281,-0.000157116543,0.000411134496,1.07904
1.282,0.00015814304,-0.000413650812,1.08288
1.283,-0.000159182813,0.000416197815,1.08672
1.284,0.000160236121,-0.000418776071,1.09056
1.285,-0.000161303227,0.000421386157,1.0944
1.286,0.000162384404,-0.000424028668,1.09824
1.287,-0.000163479931,0.000426704212,1.10208
1.288,0.000164590094,-0.000429413414,1.10592
1.289,-0.000165715187,0.000432156912,1.10976
1.29,0.000166855512,-0.000434935362,1.1136
1.291,-0.000168011379,0.000437749437,1.11744
1.292,0.000169183105,-0.000440599828,1.12128
1.293,-0.00017037102,0.000443487242,1.12512
1.294,0.000171575458,-0.000446412406,1.12896
1.295,-0.000172796765,0.000449376065,1.1328
1.296,0.000174035297,-0.000452378986,1.13664
1.297,-0.000175291418,0.000455421955,1.14048
1.298,0.000176565504,-0.000458505777,1.14432
1.299,-0.000177857942,0.000461631284,1.14816
1.3,0.000179169129,-0.000464799325,1.152
1.301,-0.000180499474,0.000468010777,1.15584
1.302,0.000181849397,-0.000471266538,1.15968
1.303,-0.000183219332,0.000474567532,1.16352
1.304,0.000184609724,-0.00047791471,1.16736
1.305,-0.000186021034,0.000481309049,1.1712
1.306,0.000187453734,-0.000484751553,1.17504
1.307,-0.000188908312,0.000488243255,1.17888
1.308,0.00019038527,-0.00049178522,1.18272
1.309,-0.000191885125,0.000495378541,1.18656
1.31,0.000193408412,-0.000499024344,1.1904
1.311,-0.000194955681,0.000502723789,1.19424
1.312,0.000196527499,-0.00050647807,1.19808
1.313,-0.000198124452,0.000510288416,1.2
1.314,0.000199747145,-0.000514156095,1.2
1.315,-0.000201396201,0.00051808241,1.2
1.316,0.000203072264,-0.000522068707,1.2
1.317,-0.000204776,0.000526116373,1.2
1.318,0.000206508095,-0.000530226837,1.2
1.319,-0.000208269258,0.000534401574,1.2
1.32,0.000210060224,-0.000538642106,1.2
1.321,-0.000211881751,0.00054295,1.2
1.322,0.000213734624,-0.000547326879,1.2
1.323,-0.000215619652,0.000551774413,1.2
1.324,0.000217537675,-0.00055629433,1.2
1.325,-0.000219489561,0.000560888413,1.2
1.326,0.00022147621,-0.000565558505,1.2
1.327,-0.000223498553,0.000570306511,1.2
1.328,0.000225557553,-0.000575134399,1.2
1.329,-0.00022765421,0.000580044206,1.2
1.33,0.00022978956,-0.000585038036,1.2
1.331,-0.000231964676,0.000590118068,1.2
1.332,0.000234180672,-0.000595286557,1.2
1.333,-0.000236438702,0.000600545836,1.2
1.334,0.000238739967,-0.000605898322,1.2
1.335,-0.00024108571,0.000611346519,1.2
1.336,0.000243477225,-0.000616893021,1.2
1.337,-0.000245915854,0.000622540517,1.2
1.338,0.000248402994,-0.000628291794,1.2
1.339,-0.000250940095,0.000634149745,1.2
1.34,0.000253528666,-0.00064011737,1.2
1.341,-0.000256170278,0.000646197782,1.2
1.342,0.000258866566,-0.000652394215,1.2
1.343,-0.00026161923,0.000658710026,1.2
1.344,0.000264430043,-0.000665148707,1.2
1.345,-0.000267300853,0.000671713882,1.2
1.346,0.000270233585,-0.000678409323,1.2
1.347,-0.000273230248,0.000685238954,1.2
1.348,0.000276292938,-0.000692206856,1.2
1.349,-0.000279423842,0.000699317279,1.2
1.35,0.000282625245,-0.000706574649,1.2
1.351,-0.000285899534,0.000713983578,1.2
1.352,0.000289249205,-0.000721548873,1.2
1.353,-0.000292676868,0.000729275547,1.2
1.354,0.000296185252,-0.000737168829,1.2
1.355,-0.000299777218,0.000745234178,1.2
1.356,0.00030345576,-0.000753477294,1.2
1.357,-0.000307224015,0.000761904133,1.2
1.358,0.000311085274,-0.00077052092,1.2
1.359,-0.000315042989,0.000779334164,1.2
1.36,0.000319100783,-0.000788350678,1.2
1.361,-0.000323262463,0.000797577592,1.2
1.362,0.000327532028,-0.000807022374,1.2
1.363,-0.000331913685,0.000816692854,1.2
1.364,0.000336411858,-0.000826597238,1.2
1.365,-0.000341031208,0.000836744139,1.2
1.366,0.000345776644,-0.000847142598,1.2
1.367,-0.000350653342,0.000857802111,1.2
1.368,0.000355666762,-0.000868732661,1.2
1.369,-0.000360822669,0.000879944748,1.2
1.37,0.000366127154,-0.000891449422,1.2
1.371,-0.000371586656,0.00090325832,1.2
1.372,0.000377207988,-0.000915383708,1.2
1.373,-0.000382998366,0.00092783852,1.2
1.374,0.000388965435,-0.000940636409,1.2
1.375,-0.000395117303,0.000953791793,1.2
1.376,0.00040146258,-0.000967319913,1.2
1.377,-0.000408010411,0.000981236893,1.2
1.378,0.000414770522,-0.0009955598,1.2
1.379,-0.000421753263,0.00101030672,1.2
1.38,0.000428969664,-0.00102549683,1.2
1.381,-0.000436431486,0.0010411505,1.2
1.382,0.000444151283,-0.00105728935,1.2
1.383,-0.000452142471,0.00107393639,1.2
1.384,0.000460419404,-0.00109111609,1.2
1.385,-0.00046899745,0.00110885455,1.2
1.386,0.000477893092,-0.00112717959,1.2
1.387,-0.000487124017,0.00114612094,1.2
1.388,0.00049670924,-0.00116571034,1.2
1.389,-0.000506669219,0.0011859818,1.2
1.39,0.000517026,-0.00120697175,1.2
1.391,-0.00052780337,0.00122871925,1.2
1.392,0.000539027029,-0.00125126628,1.2
1.393,-0.00055072479,0.00127465799,1.2
1.394,0.000562926791,-0.00129894302,1.2
1.395,-0.000575665743,0.00132417383,1.2
1.396,0.000588977213,-0.00135040707,1.2
1.397,-0.000602899932,0.00137770406,1.2
1.398,0.000617476152,-0.00140613125,1.2
1.399,-0.000632752055,0.00143576075,1.2
1.4,0.000648778211,-0.00146667101,1.2
1.401,-0.000665610109,0.00149894747,1.2
1.402,0.00068330876,-0.0015326834,1.2
1.403,-0.000701941395,0.0015679808,1.2
1.404,0.000721582266,-0.0016049515,1.2
1.405,-0.000742313579,0.00164371831,1.2
1.406,0.000764226573,-0.00168441646,1.2
1.407,-0.000787422778,0.0017271952,1.2
1.408,0.000812015491,-0.00177221969,1.2
1.409,-0.000838131508,0.00181967318,1.2
1.41,0.000865913167,-0.00186975959,1.2
1.411,-0.000895520776,0.00192270648,1.2
1.412,0.000927135492,-0.00197876871,1.2
1.413,-0.000960962788,0.00203823255,1.2
1.414,0.000997236604,-0.00210142084,1.2
1.415,-0.00103622439,0.00216869899,1.2
1.416,0.00107823321,-0.00224048232,1.2
1.417,-0.00112361732,0.00231724493,1.2
1.418,0.00117278734,-0.00239953065,1.2
1.419,-0.00122622187,0.00248796635,1.2
1.42,0.00128448184,-0.00258327866,1.2
1.421,-0.00134822879,0.00268631478,1.2
1.422,0.00141824809,-0.00279806882,1.2
1.423,-0.00149547881,0.00291971544,1.2
1.424,0.00158105267,-0.00305265314,1.2
1.425,-0.00167634523,0.00319856087,1.2
1.426,0.00178304414,-0.00335947274,1.2
1.427,-0.00190324138,0.00353787821,1.2
1.428,0.00203955989,-0.00373685844,1.2
1.429,-0.0021953303,0.00396027509,1.2
1.43,0.00237484247,-0.00421303685,1.2
1.431,-0.00258371093,0.00450148391,1.2
1.432,0.00282941914,-0.00483395617,1.2
1.433,-0.00312215237,0.00522165699,1.2
1.434,0.00347611322,-0.00568000871,1.2
1.435,-0.00391167766,0.00623086109,1.2
1.436,0.00445908507,-0.00690625107,1.2
1.437,-0.00516509043,0.00775514888,1.2
1.438,0.00610573987,-0.00885636212,1.2
1.439,-0.00741291767,0.0103452619,1.2
1.44,0.00933537252,-0.0124750632,1.2
1.441,-0.0123991819,0.0157776584,1.2
1.442,0.0179172724,-0.0215736864,1.2
1.443,-0.0301476491,0.0341316014,1.2
1.444,0.0716662997,-0.0760419035,1.2
1.445,-0.815050136,0.819902257,1.2
1.446,-1.94259078,1.93714655,1.2
1.447,-2.95561601,2.96181539,1.2
1.448,-4.04788647,4.04069168,1.2
1.449,-5.07635488,5.08491966,1.2
1.45,-6.16126566,6.15070152,1.2
1.451,-7.19217065,7.20590834,1.2
1.452,-8.27938296,8.25991205,1.2
1.453,-9.30002139,9.33243584,1.2
1.454,-10.4237163,10.3445067,1.2
1.455,-10.487852,12.3778725,1.2
1.456,-10.4723422,14.5256116,1.2
1.457,-10.487284,16.611109,1.2
1.458,-10.4864339,18.7417092,1.2
1.459,-10.4946593,20.8360432,1.2
1.46,-10.4975042,22.9611145,1.2
1.461,-10.5034781,25.0593019,1.2
1.462,-10.5077869,27.181498,1.2
1.463,-10.512766,29.2819332,1.2
1.464,-10.5177725,31.4023118,1.2
1.465,-10.5222509,33.5042542,1.2
1.466,-10.5276225,35.6233579,1.2
1.467,-10.5318319,37.7263959,1.2
1.468,-10.537403,39.844546,1.2
1.469,-10.541464,41.948423,1.2
1.47,-10.5471452,44.0658281,1.2
1.471,-10.5511252,46.1703718,1.2
1.472,-10.556865,48.2871762,1.2
1.473,-10.5608038,50.3922644,1.2
1.474,-10.5665713,52.5085728,1.2
1.475,-10.5704929,54.6141149,1.2
1.476,-10.5762693,56.730006,1.2
1.477,-10.5801887,58.8359331,1.2
1.478,-10.5859621,60.9514678,1.2
1.479,-10.5898886,63.0577259,1.2
1.48,-10.5956515,65.1729524,1.2
1.481,-10.5995911,67.2794984,1.2
1.482,-10.6053389,69.3944553,1.2
1.483,-10.6092951,71.5012542,1.2
1.484,-10.6150251,73.6159734,1.2
1.485,-10.6190001,75.7229962,1.2
1.486,-10.6247106,77.837504,1.2
1.487,-10.6287056,79.9447267,1.2
1.488,-10.6343958,82.0590452,1.2
1.489,-10.6384113,84.1664474,1.2
1.49,-10.6440809,86.2805955,1.2
1.491,-10.648117,88.3881598,1.2
1.492,-10.653766,90.5021534,1.2
1.493,-10.6578226,92.6098649,1.2
1.494,-10.6634514,94.7237181,1.2
1.495,-10.667528,96.8315639,1.2
1.496,-10.673137,98.9452886,1.2
1.497,-10.677233,101.053257,1.2
1.498,-10.6828228,103.166864,1.2
1.499,-10.6869378,105.274946,1.2
1.5,-10.692509,107.388444,1.2
1.501,-10.6966423,109.496631,1.2
1.502,-10.7021955,111.610028,1.2
1.503,-10.7063464,113.718311,1.2
1.504,-10.7118823,115.831616,1.2
1.505,-10.7160502,117.939989,1.2
1.506,-10.7215695,120.053207,1.2
1.507,-10.7257537,122.161663,1.2
1.508,-10.731257,124.274801,1.2
1.509,-10.7354569,126.383334,1.2
1.51,-10.7409448,128.496397,1.2
1.511,-10.7451597,130.605004,1.2
1.512,-10.7506328,132.717996,1.2
1.513,-10.7548623,134.826671,1.2
1.514,-10.7603212,136.939596,1.2
1.515,-10.7645646,139.048335,1.2
1.516,-10.7700099,141.161199,1.2
1.517,-10.7742666,143.269999,1.2
1.518,-10.7796988,145.382803,1.2
1.519,-10.7839684,147.49166,1.2
1.52,-10.789388,149.604409,1.2
1.521,-10.7936699,151.71332,1.2
1.522,-10.7990774,153.826017,1.2
1.523,-10.8033711,155.934978,1.2
1.524,-10.808767,158.047626,1.2
1.525,-10.8130722,160.156635,1.2
1.526,-10.8184569,162.269236,1.2
1.527,-10.822773,164.378291,1.2
1.528,-10.828147,166.490847,1.2
1.529,-10.8324736,168.599946,1.2
1.53,-10.8378373,170.71246,1.2
1.531,-10.8421741,172.8216,1.2
1.532,-10.8475277,174.934073,1.2
1.533,-10.8518743,177.043252,1.2
1.534,-10.8572184,179.155687,1.2
1.535,-10.8615744,181.264904,1.2
1.536,-10.8669092,183.377303,1.2
1.537,-10.8712743,185.486555,1.2
1.538,-10.8766001,187.598919,1.2
1.539,-10.8809741,189.708206,1.2
1.54,-10.8862913,191.820535,1.2
1.541,-10.8906737,193.929855,1.2
1.542,-10.8959825,196.042153,1.2
1.543,-10.9003731,198.151504,1.2
1.544,-10.9056739,200.263771,1.2
1.545,-10.9100724,202.373152,1.2
1.546,-10.9153655,204.48539,1.2
1.547,-10.9197716,206.5948,1.2
1.548,-10.9250572,208.707009,1.2
1.549,-10.9294707,210.816447,1.2
1.55,-10.934749,212.928629,1.2
1.551,-10.9391696,215.038093,1.2
1.552,-10.9444409,217.150249,1.2
1.553,-10.9488685,219.259739,1.2
1.554,-10.9541329,221.37187,1.2
1.555,-10.9585672,223.481385,1.2
1.556,-10.963825,225.593491,1.2
1.557,-10.9682658,227.70303,1.2
1.558,-10.9735173,229.815113,1.2
1.559,-10.9779644,231.924675,1.2
1.56,-10.9832096,234.036735,1.2
1.561,-10.9876628,236.146319,1.2
1.562,-10.992902,238.258358,1.2
1.563,-10.9973611,240.367963,1.2
1.564,-11.0025945,242.479981,1.2
1.565,-11.0070594,244.589606,1.2
1.566,-11.0122871,246.701604,1.2
1.567,-11.0167576,248.811249,1.2
1.568,-11.0219798,250.923228,1.2
1.569,-11.0264557,253.032892,1.2
1.57,-11.0316725,255.144852,1.2
1.571,-11.0361537,257.254535,1.2
1.572,-11.0413653,259.366476,1.2
1.573,-11.0458516,261.476177,1.2
1.574,-11.0510582,263.588101,1.2
1.575,-11.0555495,265.697819,1.2
1.576,-11.0607512,267.809725,1.2
1.577,-11.0652473,269.919461,1.2
1.578,-11.0704442,272.03135,1.2
1.579,-11.074945,274.141102,1.2
1.58,-11.0801373,276.252976,1.2
1.581,-11.0846427,278.362743,1.2
1.582,-11.0898305,280.474601,1.2
1.583,-11.0943403,282.584384,1.2
1.584,-11.0995237,284.696227,1.2
1.585,-11.1040379,286.806025,1.2
1.586,-11.109217,288.917853,1.2
1.587,-11.1137354,291.027665,1.2
1.588,-11.1189103,293.139479,1.2
1.589,-11.1234328,295.249306,1.2
1.59,-11.1286037,297.361106,1.2
1.591,-11.1331302,299.470946,1.2
1.592,-11.1382971,301.582732,1.2
1.593,-11.1428276,303.692586,1.2
1.594,-11.1479906,305.804359,1.2
1.595,-11.1525249,307.914225,1.2
1.596,-11.1576841,310.025986,1.2
1.597,-11.1622221,312.135865,1.2
1.598,-11.1673777,314.247613,1.2
1.599,-11.1719193,316.357504,1.2
1.6,-11.1770713,318.469241,1.2
1.601,-11.1816165,320.579144,1.2
1.602,-11.1867649,322.690868,1.2
1.603,-11.1913136,324.800783,1.2
1.604,-11.1964586,326.912496,1.2
1.605,-11.2010107,329.022422,1.2
1.606,-11.2061524,331.134124,1.2
1.607,-11.2107078,333.24406,1.2
1.608,-11.2158462,335.355751,1.2
1.609,-11.2204048,337.465699,1.2
1.61,-11.22554,339.57738,1.2
1.611,-11.2301017,341.687338,1.2
1.612,-11.2352338,343.799008,1.2
1.613,-11.2397987,345.908976,1.2
1.614,-11.2449277,348.020636,1.2
1.615,-11.2494956,350.130614,1.2
1.616,-11.2546216,352.242264,1.2
1.617,-11.2591924,354.352252,1.2
1.618,-11.2643156,356.463893,1.2
1.619,-11.2688893,358.57389,1.2
1.62,-11.2740096,360.685522,1.2
1.621,-11.2785861,362.795528,1.2
1.622,-11.2837036,364.90715,1.2
1.623,-11.2882828,367.017166,1.2
1.624,-11.2933976,369.128779,1.2
1.625,-11.2979796,371.238804,1.2
1.626,-11.3030917,373.350408,1.2
1.627,-11.3076763,375.460441,1.2
1.628,-11.3127858,377.572037,1.2
1.629,-11.317373,379.682079,1.2
1.63,-11.32248,381.793667,1.2
1.631,-11.3270696,383.903716,1.2
1.632,-11.3321741,386.015296,1.2
1.633,-11.3367662,388.125354,1.2
1.634,-11.3418683,390.236925,1.2
1.635,-11.3464628,392.346991,1.2
1.636,-11.3515625,394.458555,1.2
1.637,-11.3561594,396.568628,1.2
1.638,-11.3612568,398.680184,1.2
1.639,-11.365856,400.790265,1.2
1.64,-11.370951,402.901814,1.2
1.641,-11.3755525,405.011902,1.2
1.642,-11.3806453,407.123444,1.2
1.643,-11.385249,409.233539,1.2
1.644,-11.3903396,411.345073,1.2
1.645,-11.3949455,413.455176,1.2
1.646,-11.400034,415.566703,1.2
1.647,-11.4046419,417.676812,1.2
1.648,-11.4097283,419.788333,1.2
1.649,-11.4143384,421.898449,1.2
1.65,-11.4194227,424.009963,1.2
1.651,-11.4240348,426.120086,1.2
1.652,-11.4291171,428.231593,1.2
1.653,-11.4337312,430.341722,1.2
1.654,-11.4388115,432.453223,1.2
1.655,-11.4434275,434.563359,1.2
1.656,-11.448506,436.674854,1.2
1.657,-11.4531239,438.784995,1.2
1.658,-11.4582004,440.896484,1.2
1.659,-11.4628202,443.006631,1.2
1.66,-11.4678949,445.118114,1.2
1.661,-11.4725165,447.228268,1.2
1.662,-11.4775894,449.339745,1.2
1.663,-11.4822128,451.449904,1.2
1.664,-11.487284,453.561375,1.2
1.665,-11.491909,455.67154,1.2
1.666,-11.4969785,457.783006,1.2
1.667,-11.5016053,459.893176,1.2
1.668,-11.5066731,462.004636,1.2
1.669,-11.5113015,464.114812,1.2
1.67,-11.5163677,466.226267,1.2
1.671,-11.5209977,468.336448,1.2
1.672,-11.5260623,470.447898,1.2
1.673,-11.5306938,472.558084,1.2
1.674,-11.535757,474.669529,1.2
1.675,-11.54039,476.779719,1.2
1.676,-11.5454516,478.891159,1.2
1.677,-11.5500861,481.001355,1.2
1.678,-11.5551463,483.11279,1.2
1.679,-11.5597822,485.222991,1.2
1.68,-11.564841,487.334421,1.2
1.681,-11.5694783,489.444626,1.2
1.682,-11.5745358,491.556052,1.2
1.683,-11.5791744,493.666262,1.2
1.684,-11.5842305,495.777684,1.2
1.685,-11.5888704,497.887897,1.2
1.686,-11.5939253,499.999315,1.2
1.687,-11.5985664,502.109533,1.2
1.688,-11.6036201,504.220946,1.2
1.689,-11.6082623,506.331168,1.2
1.69,-11.613315,508.442577,1.2
1.691,-11.6179583,510.552803,1.2
1.692,-11.6230099,512.664209,1.2
1.693,-11.6276542,514.774439,1.2
1.694,-11.6327048,516.88584,1.2
1.695,-11.6373501,518.996074,1.2
1.696,-11.6423997,521.107472,1.2
1.697,-11.6470459,523.217709,1.2
1.698,-11.6520947,525.329104,1.2
1.699,-11.6567417,527.439344,1.2
1.7,-11.6617898,529.550735,1.2
1.701,-11.6664374,531.660979,1.2
1.702,-11.6714849,533.772367,1.2
1.703,-11.6761331,535.882613,1.2
1.704,-11.68118,537.993999,1.2
1.705,-11.6858287,540.104248,1.2
1.706,-11.6908752,542.215631,1.2
1.707,-11.6955243,544.325882,1.2
1.708,-11.7005705,546.437263,1.2
1.709,-11.7052197,548.547517,1.2
1.71,-11.7102659,550.658896,1.2
1.711,-11.7149151,552.769151,1.2
1.712,-11.7199614,554.880528,1.2
1.713,-11.7246104,556.990785,1.2
1.714,-11.729657,559.102161,1.2
1.715,-11.7343055,561.212418,1.2
1.716,-11.7393527,563.323794,1.2
1.717,-11.7440005,565.434052,1.2
1.718,-11.7490487,567.545427,1.2
1.719,-11.7536952,569.655685,1.2
1.72,-11.7587448,571.767061,1.2
1.721,-11.7633898,573.877318,1.2
1.722,-11.7684412,575.988695,1.2
1.723,-11.773084,578.09895,1.2
1.724,-11.7781379,580.210329,1.2
1.725,-11.7827779,582.320582,1.2
1.726,-11.7878351,584.431965,1.2
1.727,-11.7924713,586.542214,1.2
1.728,-11.7975328,588.6536,1.2
1.729,-11.8021641,590.763844,1.2
1.73,-11.8072312,592.875237,1.2
1.731,-11.811856,594.985473,1.2
1.732,-11.8169306,597.096875,1.2
1.733,-11.8215468,599.207101,1.2
1.734,-11.8266313,601.318515,1.2
1.735,-11.8312361,603.428727,1.2
1.736,-11.8363339,605.540157,1.2
1.737,-11.840923,607.650349,1.2
1.738,-11.8460393,609.761803,1.2
1.739,-11.8506064,611.871968,1.2
1.74,-11.855749,613.983454,1.2
1.741,-11.8602846,616.09358,1.2
1.742,-11.8654655,618.205112,1.2
1.743,-11.869954,620.315183,1.2
1.744,-11.8751935,622.426784,1.2
1.745,-11.8796079,624.536768,1.2
1.746,-11.8849425,626.648479,1.2
1.747,-11.8892324,628.758321,1.2
1.748,-11.8947341,630.870219,1.2
1.749,-11.8987931,632.979807,1.2
1.75,-11.9046256,635.092064,1.2
1.751,-11.9081884,637.201122,1.2
1.752,-11.9148114,639.31421,1.2
1.753,-11.917006,641.42185,1.2
1.754,-11.9263042,643.537675,1.2
1.755,-11.9221186,645.638857,1.2
1.756,-11.9539994,647.777364,1.2
1.757,-11.5662378,649.494841,1.2
1.758,-10.5641145,650.599516,1.2
1.759,-9.49852215,651.638925,1.2
1.76,-8.45087867,652.698419,1.2
1.761,-7.39520074,653.747235,1.2
1.762,-6.34351458,654.803494,1.2
1.763,-5.29029913,655.85337,1.2
1.764,-4.23624299,656.910026,1.2
1.765,-3.18701096,657.957136,1.2
1.766,-2.11984589,659.026097,1.2
1.767,-1.53062481,659.613755,1.2
1.768,-1.51131258,659.634458,1.2
1.769,-1.51629173,659.628219,1.2
1.77,-1.51424569,659.631423,1.2
1.771,-1.51525403,659.629338,1.2
1.772,-1.51471784,659.630885,1.2
1.773,-1.51500531,659.62964,1.2
1.774,-1.51486205,659.630696,1.2
1.775,-1.51491587,659.629768,1.2
1.776,-1.51492033,659.630605,1.2
1.777,-1.51487642,659.629835,1.2
1.778,-1.51494783,659.630554,1.2
1.779,-1.5148568,659.629875,1.2
1.78,-1.51496209,659.630521,1.2
1.781,-1.51484629,659.629902,1.2
1.782,-1.51496994,659.630499,1.2
1.783,-1.51484039,659.629921,1.2
1.784,-1.5149744,659.630482,1.2
1.785,-1.514837,659.629936,1.2
1.786,-1.51497696,659.63047,1.2
1.787,-1.51483507,659.629947,1.2
1.788,-1.51497841,659.63046,1.2
1.789,-1.51483401,659.629955,1.2
1.79,-1.51497917,659.630452,1.2
1.791,-1.51483348,659.629963,1.2
1.792,-1.51497951,659.630446,1.2
1.793,-1.51483329,659.629969,1.2
1.794,-1.51497957,659.63044,1.2
1.795,-1.51483333,659.629974,1.2
1.796,-1.51497946,659.630435,1.2
1.797,-1.51483351,659.629978,1.2
1.798,-1.51497923,659.630431,1.2
1.799,-1.51483378,659.629982,1.2
1.8,-1.51497892,659.630427,1.2
1.801,-1.51483412,659.629986,1.2
1.802,-1.51497856,659.630424,1.2
1.803,-1.51483449,659.629989,1.2
1.804,-1.51497817,659.630421,1.2
1.805,-1.51483489,659.629991,1.2
1.806,-1.51497776,659.630418,1.2
1.807,-1.51483531,659.629994,1.2
1.808,-1.51497734,659.630416,1.2
1.809,-1.51483573,659.629996,1.2
1.81,-1.51497692,659.630414,1.2
1.811,-1.51483616,659.629999,1.2
1.812,-1.51497649,659.630412,1.2
1.813,-1.51483658,659.630001,1.2
1.814,-1.51497606,659.63041,1.2
1.815,-1.51483701,659.630003,1.2
1.816,-1.51497564,659.630408,1.2
1.817,-1.51483743,659.630005,1.2
1.818,-1.51497522,659.630406,1.2
1.819,-1.51483784,659.630006,1.2
1.82,-1.51497481,659.630404,1.2
1.821,-1.51483825,659.630008,1.2
1.822,-1.5149744,659.630403,1.2
1.823,-1.51483866,659.63001,1.2
1.824,-1.514974,659.630401,1.2
1.825,-1.51483906,659.630011,1.2
1.826,-1.51497361,659.630399,1.2
1.827,-1.51483945,659.630013,1.2
1.828,-1.51497322,659.630398,1.2
1.829,-1.51483984,659.630014,1.2
1.83,-1.51497283,659.630397,1.2
1.831,-1.51484021,659.630015,1.2
1.832,-1.51497246,659.630395,1.2
1.833,-1.51484059,659.630017,1.2
1.834,-1.51497209,659.630394,1.2
1.835,-1.51484096,659.630018,1.2
1.836,-1.51497172,659.630393,1.2
1.837,-1.51484132,659.630019,1.2
1.838,-1.51497136,659.630391,1.2
1.839,-1.51484167,659.63002,1.2
1.84,-1.51497101,659.63039,1.2
1.841,-1.51484202,659.630022,1.2
1.842,-1.51497066,659.630389,1.2
1.843,-1.51484237,659.630023,1.2
1.844,-1.51497032,659.630388,1.2
1.845,-1.51484271,659.630024,1.2
1.846,-1.51496999,659.630387,1.2
1.847,-1.51484304,659.630025,1.2
1.848,-1.51496965,659.630386,1.2
1.849,-1.51484337,659.630026,1.2
1.85,-1.51496933,659.630385,1.2
1.851,-1.5148437,659.630027,1.2
1.852,-1.514969,659.630384,1.2
1.853,-1.51484402,659.630028,1.2
1.854,-1.51496869,659.630383,1.2
1.855,-1.51484433,659.630029,1.2
1.856,-1.51496837,659.630382,1.2
1.857,-1.51484464,659.63003,1.2
1.858,-1.51496806,659.630381,1.2
1.859,-1.51484495,659.630031,1.2
1.86,-1.51496776,659.63038,1.2
1.861,-1.51484525,659.630032,1.2
1.862,-1.51496746,659.630379,1.2
1.863,-1.51484555,659.630033,1.2
1.864,-1.51496716,659.630378,1.2
1.865,-1.51484585,659.630034,1.2
1.866,-1.51496687,659.630377,1.2
1.867,-1.51484614,659.630035,1.2
1.868,-1.51496658,659.630376,1.2
1.869,-1.51484643,659.630036,1.2
1.87,-1.51496629,659.630375,1.2
1.871,-1.51484671,659.630037,1.2
1.872,-1.51496601,659.630374,1.2
1.873,-1.51484699,659.630038,1.2
1.874,-1.51496573,659.630373,1.2
1.875,-1.51484727,659.630038,1.2
1.876,-1.51496545,659.630372,1.2
1.877,-1.51484755,659.630039,1.2
1.878,-1.51496518,659.630372,1.2
1.879,-1.51484782,659.63004,1.2
1.88,-1.51496491,659.630371,1.2
1.881,-1.51484808,659.630041,1.2
1.882,-1.51496464,659.63037,1.2
1.883,-1.51484835,659.630042,1.2
1.884,-1.51496438,659.630369,1.2
1.885,-1.51484861,659.630043,1.2
1.886,-1.51496412,659.630368,1.2
1.887,-1.51484887,659.630043,1.2
1.888,-1.51496386,659.630368,1.2
1.889,-1.51484913,659.630044,1.2
1.89,-1.5149636,659.630367,1.2
1.891,-1.51484938,659.630045,1.2
1.892,-1.51496335,659.630366,1.2
1.893,-1.51484963,659.630046,1.2
1.894,-1.5149631,659.630365,1.2
1.895,-1.51484988,659.630046,1.2
1.896,-1.51496286,659.630364,1.2
1.897,-1.51485013,659.630047,1.2
1.898,-1.51496261,659.630364,1.2
1.899,-1.51485037,659.630048,1.2
1.9,-1.51496237,659.630363,1.2
1.901,-1.51485061,659.630049,1.2
1.902,-1.51496213,659.630362,1.2
1.903,-1.51485085,659.630049,1.2
1.904,-1.51496189,659.630362,1.2
1.905,-1.51485109,659.63005,1.2
1.906,-1.51496166,659.630361,1.2
1.907,-1.51485132,659.630051,1.2
1.908,-1.51496142,659.63036,1.2
1.909,-1.51485155,659.630052,1.2
1.91,-1.51496119,659.630359,1.2
1.911,-1.51485178,659.630052,1.2
1.912,-1.51496097,659.630359,1.2
1.913,-1.51485201,659.630053,1.2
1.914,-1.51496074,659.630358,1.2
1.915,-1.51485223,659.630054,1.2
1.916,-1.51496052,659.630357,1.2
1.917,-1.51485245,659.630054,1.2
1.918,-1.51496029,659.630357,1.2
1.919,-1.51485268,659.630055,1.2
1.92,-1.51496008,659.630356,1.2
1.921,-1.51485289,659.630056,1.2
1.922,-1.51495986,659.630355,1.2
1.923,-1.51485311,659.630056,1.2
1.924,-1.51495964,659.630355,1.2
1.925,-1.51485332,659.630057,1.2
1.926,-1.51495943,659.630354,1.2
1.927,-1.51485354,659.630058,1.2
1.928,-1.51495922,659.630353,1.2
1.929,-1.51485375,659.630058,1.2
1.93,-1.51495901,659.630353,1.2
1.931,-1.51485396,659.630059,1.2
1.932,-1.5149588,659.630352,1.2
1.933,-1.51485416,659.63006,1.2
1.934,-1.51495859,659.630351,1.2
1.935,-1.51485437,659.63006,1.2
1.936,-1.51495839,659.630351,1.2
1.937,-1.51485457,659.630061,1.2
1.938,-1.51495819,659.63035,1.2
1.939,-1.51485477,659.630061,1.2
1.94,-1.51495799,659.63035,1.2
1.941,-1.51485497,659.630062,1.2
1.942,-1.51495779,659.630349,1.2
1.943,-1.51485517,659.630063,1.2
1.944,-1.51495759,659.630348,1.2
1.945,-1.51485537,659.630063,1.2
1.946,-1.51495739,659.630348,1.2
1.947,-1.51485556,659.630064,1.2
1.948,-1.5149572,659.630347,1.2
1.949,-1.51485576,659.630064,1.2
1.95,-1.51495701,659.630347,1.2
1.951,-1.51485595,659.630065,1.2
1.952,-1.51495682,659.630346,1.2
1.953,-1.51485614,659.630066,1.2
1.954,-1.51495663,659.630345,1.2
1.955,-1.51485633,659.630066,1.2
1.956,-1.51495644,659.630345,1.2
1.957,-1.51485651,659.630067,1.2
1.958,-1.51495625,659.630344,1.2
1.959,-1.5148567,659.630067,1.2
1.96,-1.51495607,659.630344,1.2
1.961,-1.51485688,659.630068,1.2
1.962,-1.51495589,659.630343,1.2
1.963,-1.51485706,659.630068,1.2
1.964,-1.51495571,659.630343,1.2
1.965,-1.51485724,659.630069,1.2
1.966,-1.51495553,659.630342,1.2
1.967,-1.51485742,659.630069,1.2
1.968,-1.51495535,659.630342,1.2
1.969,-1.5148576,659.63007,1.2
1.97,-1.51495517,659.630341,1.2
1.971,-1.51485778,659.630071,1.2
1.972,-1.51495499,659.63034,1.2
1.973,-1.51485795,659.630071,1.2
1.974,-1.51495482,659.63034,1.2
1.975,-1.51485813,659.630072,1.2
1.976,-1.51495465,659.630339,1.2
1.977,-1.5148583,659.630072,1.2
1.978,-1.51495447,659.630339,1.2
1.979,-1.51485847,659.630073,1.2
1.98,-1.5149543,659.630338,1.2
1.981,-1.51485864,659.630073,1.2
1.982,-1.51495413,659.630338,1.2
1.983,-1.51485881,659.630074,1.2
1.984,-1.51495397,659.630337,1.2
1.985,-1.51485898,659.630074,1.2
1.986,-1.5149538,659.630337,1.2
1.987,-1.51485914,659.630075,1.2
1.988,-1.51495363,659.630336,1.2
1.989,-1.51485931,659.630075,1.2
1.99,-1.51495347,659.630336,1.2
1.991,-1.51485947,659.630076,1.2
1.992,-1.51495331,659.630335,1.2
1.993,-1.51485963,659.630076,1.2
1.994,-1.51495315,659.630335,1.2
1.995,-1.51485979,659.630077,1.2
1.996,-1.51495299,659.630334,1.2
1.997,-1.51485995,659.630077,1.2
1.998,-1.51495283,659.630334,1.2
1.999,-1.51486011,659.630078,1.2
2,-1.51495267,659.630333,1.2
2.001,-1.51486027,659.630078,1.2
2.002,-1.51495251,659.630333,1.2
2.003,-1.51486043,659.630079,1.2
2.004,-1.51495235,659.630332,1.2
2.005,-1.51486058,659.630079,1.2
2.006,-1.5149522,659.630332,1.2
2.007,-1.51486074,659.63008,1.2
2.008,-1.51495205,659.630331,1.2
2.009,-1.51486089,659.63008,1.2
2.01,-1.51495189,659.630331,1.2
2.011,-1.51486104,659.630081,1.2
2.012,-1.51495174,659.63033,1.2
2.013,-1.51486119,659.630081,1.2
2.014,-1.51495159,659.63033,1.2
2.015,-1.51486134,659.630081,1.2
2.016,-1.51495144,659.63033,1.2
2.017,-1.51486149,659.630082,1.2
2.018,-1.51495129,659.630329,1.2
2.019,-1.51486164,659.630082,1.2
2.02,-1.51495115,659.630329,1.2
2.021,-1.51486179,659.630083,1.2
2.022,-1.514951,659.630328,1.2
2.023,-1.51486193,659.630083,1.2
2.024,-1.51495086,659.630328,1.2
2.025,-1.51486208,659.630084,1.2
2.026,-1.51495071,659.630327,1.2
2.027,-1.51486222,659.630084,1.2
2.028,-1.51495057,659.630327,1.2
2.029,-1.51486236,659.630085,1.2
2.03,-1.51495043,659.630326,1.2
2.031,-1.51486251,659.630085,1.2
2.032,-1.51495028,659.630326,1.2
2.033,-1.51486265,659.630086,1.2
2.034,-1.51495014,659.630326,1.2
2.035,-1.51486279,659.630086,1.2
2.036,-1.51495,659.630325,1.2
2.037,-1.51486293,659.630086,1.2
2.038,-1.51494987,659.630325,1.2
2.039,-1.51486306,659.630087,1.2
2.04,-1.51494973,659.630324,1.2
2.041,-1.5148632,659.630087,1.2
2.042,-1.51494959,659.630324,1.2
2.043,-1.51486334,659.630088,1.2
2.044,-1.51494945,659.630323,1.2
2.045,-1.51486347,659.630088,1.2
2.046,-1.51494932,659.630323,1.2
2.047,-1.51486361,659.630089,1.2
2.048,-1.51494919,659.630323,1.2
2.049,-1.51486374,659.630089,1.2
2.05,-1.51494905,659.630322,1.2
2.051,-1.51486387,659.630089,1.2
2.052,-1.51494892,659.630322,1.2
2.053,-1.51486401,659.63009,1.2
2.054,-1.51494879,659.630321,1.2
2.055,-1.51486414,659.63009,1.2
2.056,-1.51494866,659.630321,1.2
2.057,-1.51486427,659.630091,1.2
2.058,-1.51494853,659.63032,1.2
2.059,-1.5148644,659.630091,1.2
2.06,-1.5149484,659.63032,1.2
2.061,-1.51486453,659.630091,1.2
2.062,-1.51494827,659.63032,1.2
2.063,-1.51486465,659.630092,1.2
2.064,-1.51494814,659.630319,1.2
2.065,-1.51486478,659.630092,1.2
2.066,-1.51494802,659.630319,1.2
2.067,-1.51486491,659.630093,1.2
2.068,-1.51494789,659.630318,1.2
2.069,-1.51486503,659.630093,1.2
2.07,-1.51494776,659.630318,1.2
2.071,-1.51486516,659.630093,1.2
2.072,-1.51494764,659.630318,1.2
2.073,-1.51486528,659.630094,1.2
2.074,-1.51494752,659.630317,1.2
2.075,-1.51486541,659.630094,1.2
2.076,-1.51494739,659.630317,1.2
2.077,-1.51486553,659.630095,1.2
2.078,-1.51494727,659.630316,1.2
2.079,-1.51486565,659.630095,1.2
2.08,-1.51494715,659.630316,1.2
2.081,-1.51486577,659.630095,1.2
2.082,-1.51494703,659.630316,1.2
2.083,-1.51486589,659.630096,1.2
2.084,-1.51494691,659.630315,1.2
2.085,-1.51486601,659.630096,1.2
2.086,-1.51494679,659.630315,1.2
2.087,-1.51486613,659.630097,1.2
2.088,-1.51494667,659.630315,1.2
2.089,-1.51486625,659.630097,1.2
2.09,-1.51494655,659.630314,1.2
2.091,-1.51486637,659.630097,1.2
2.092,-1.51494643,659.630314,1.2
2.093,-1.51486649,659.630098,1.2
2.094,-1.51494632,659.630313,1.2
2.095,-1.5148666,659.630098,1.2
2.096,-1.5149462,659.630313,1.2
2.097,-1.51486672,659.630098,1.2
2.098,-1.51494608,659.630313,1.2
2.099,-1.51486683,659.630099,1.2
2.1,-1.51494597,659.630312,1.2
2.101,-1.51486695,659.630099,1.2
2.102,-1.51494585,659.630312,1.2
2.103,-1.51486706,659.6301,1.2
2.104,-1.51494574,659.630312,1.2
2.105,-1.51486718,659.6301,1.2
2.106,-1.51494563,659.630311,1.2
2.107,-1.51486729,659.6301,1.2
2.108,-1.51494551,659.630311,1.2
2.109,-1.5148674,659.630101,1.2
2.11,-1.5149454,659.63031,1.2
2.111,-1.51486752,659.630101,1.2
2.112,-1.51494529,659.63031,1.2
2.113,-1.51486763,659.630101,1.2
2.114,-1.51494518,659.63031,1.2
2.115,-1.51486774,659.630102,1.2
2.116,-1.51494507,659.630309,1.2
2.117,-1.51486785,659.630102,1.2
2.118,-1.51494496,659.630309,1.2
2.119,-1.51486796,659.630102,1.2
2.12,-1.51494485,659.630309,1.2
2.121,-1.51486807,659.630103,1.2
2.122,-1.51494474,659.630308,1.2
2.123,-1.51486818,659.630103,1.2
2.124,-1.51494463,659.630308,1.2
2.125,-1.51486828,659.630104,1.2
2.126,-1.51494452,659.630308,1.2
2.127,-1.51486839,659.630104,1.2
2.128,-1.51494441,659.630307,1.2
2.129,-1.5148685,659.630104,1.2
2.13,-1.51494431,659.630307,1.2
2.131,-1.51486861,659.630105,1.2
2.132,-1.5149442,659.630306,1.2
2.133,-1.51486871,659.630105,1.2
2.134,-1.51494409,659.630306,1.2
2.135,-1.51486882,659.630105,1.2
2.136,-1.51494399,659.630306,1.2
2.137,-1.51486893,659.630106,1.2
2.138,-1.51494388,659.630305,1.2
2.139,-1.51486903,659.630106,1.2
2.14,-1.51494378,659.630305,1.2
2.141,-1.51486914,659.630106,1.2
2.142,-1.51494367,659.630305,1.2
2.143,-1.51486924,659.630107,1.2
2.144,-1.51494357,659.630304,1.2
2.145,-1.51486934,659.630107,1.2
2.146,-1.51494346,659.630304,1.2
2.147,-1.51486945,659.630107,1.2
2.148,-1.51494336,659.630304,1.2
2.149,-1.51486955,659.630108,1.2
2.15,-1.51494326,659.630303,1.2
2.151,-1.51486966,659.630108,1.2
2.152,-1.51494315,659.630303,1.2
2.153,-1.51486976,659.630109,1.2
2.154,-1.51494305,659.630303,1.2
2.155,-1.51486986,659.630109,1.2
2.156,-1.51494295,659.630302,1.2
2.157,-1.51486996,659.630109,1.2
2.158,-1.51494284,659.630302,1.2
2.159,-1.51487007,659.63011,1.2
2.16,-1.51494274,659.630301,1.2
2.161,-1.51487017,659.63011,1.2
2.162,-1.51494264,659.630301,1.2
2.163,-1.51487027,659.63011,1.2
2.164,-1.51494254,659.630301,1.2
2.165,-1.51487037,659.630111,1.2
2.166,-1.51494244,659.6303,1.2
2.167,-1.51487047,659.630111,1.2
2.168,-1.51494234,659.6303,1.2
2.169,-1.51487057,659.630111,1.2
2.17,-1.51494224,659.6303,1.2
2.171,-1.51487068,659.630112,1.2
2.172,-1.51494213,659.630299,1.2
2.173,-1.51487078,659.630112,1.2
2.174,-1.51494203,659.630299,1.2
2.175,-1.51487088,659.630112,1.2
2.176,-1.51494193,659.630299,1.2
2.177,-1.51487098,659.630113,1.2
2.178,-1.51494183,659.630298,1.2
2.179,-1.51487108,659.630113,1.2
2.18,-1.51494173,659.630298,1.2
2.181,-1.51487118,659.630114,1.2
2.182,-1.51494163,659.630298,1.2
2.183,-1.51487128,659.630114,1.2
2.184,-1.51494153,659.630297,1.2
2.185,-1.51487138,659.630114,1.2
2.186,-1.51494143,659.630297,1.2
2.187,-1.51487148,659.630115,1.2
2.188,-1.51494133,659.630296,1.2
2.189,-1.51487159,659.630115,1.2
2.19,-1.51494122,659.630296,1.2
2.191,-1.51487169,659.630115,1.2
2.192,-1.51494112,659.630296,1.2
2.193,-1.51487179,659.630116,1.2
2.194,-1.51494102,659.630295,1.2
2.195,-1.51487189,659.630116,1.2
2.196,-1.51494092,659.630295,1.2
2.197,-1.51487199,659.630117,1.2
2.198,-1.51494082,659.630295,1.2
2.199,-1.5148721,659.630117,1.2
2.2,-1.51494071,659.630294,1.2
2.201,-1.5148722,659.630117,1.2
2.202,-1.51494061,659.630294,1.2
2.203,-1.5148723,659.630118,1.2
2.204,-1.51494051,659.630293,1.2
2.205,-1.51487241,659.630118,1.2
2.206,-1.5149404,659.630293,1.2
2.207,-1.51487251,659.630118,1.2
2.208,-1.5149403,659.630293,1.2
2.209,-1.51487262,659.630119,1.2
2.21,-1.51494019,659.630292,1.2
2.211,-1.51487272,659.630119,1.2
2.212,-1.51494008,659.630292,1.2
2.213,-1.51487283,659.63012,1.2
2.214,-1.51493998,659.630291,1.2
2.215,-1.51487294,659.63012,1.2
2.216,-1.51493987,659.630291,1.2
2.217,-1.51487305,659.63012,1.2
2.218,-1.51493976,659.630291,1.2
2.219,-1.51487316,659.630121,1.2
2.22,-1.51493965,659.63029,1.2
2.221,-1.51487327,659.630121,1.2
2.222,-1.51493954,659.63029,1.2
2.223,-1.51487338,659.630122,1.2
2.224,-1.51493942,659.630289,1.2
2.225,-1.51487349,659.630122,1.2
2.226,-1.51493931,659.630289,1.2
2.227,-1.51487361,659.630123,1.2
2.228,-1.51493919,659.630289,1.2
2.229,-1.51487373,659.630123,1.2
2.23,-1.51493907,659.630288,1.2
2.231,-1.51487385,659.630123,1.2
2.232,-1.51493895,659.630288,1.2
2.233,-1.51487397,659.630124,1.2
2.234,-1.51493883,659.630287,1.2
2.235,-1.51487409,659.630124,1.2
2.236,-1.51493871,659.630287,1.2
2.237,-1.51487422,659.630125,1.2
2.238,-1.51493858,659.630286,1.2
2.239,-1.51487435,659.630125,1.2
2.24,-1.51493845,659.630286,1.2
2.241,-1.51487448,659.630126,1.2
2.242,-1.51493831,659.630285,1.2
2.243,-1.51487461,659.630126,1.2
2.244,-1.51493818,659.630285,1.2
2.245,-1.51487475,659.630127,1.2
2.246,-1.51493804,659.630284,1.2
2.247,-1.51487489,659.630127,1.2
2.248,-1.51493789,659.630284,1.2
2.249,-1.51487504,659.630128,1.2
2.25,-1.51493774,659.630283,1.2
2.251,-1.51487519,659.630128,1.2
2.252,-1.51493759,659.630283,1.2
2.253,-1.51487535,659.630129,1.2
2.254,-1.51493743,659.630282,1.2
2.255,-1.51487551,659.630129,1.2
2.256,-1.51493726,659.630282,1.2
2.257,-1.51487568,659.63013,1.2
2.258,-1.51493709,659.630281,1.2
2.259,-1.51487586,659.630131,1.2
2.26,-1.51493691,659.63028,1.2
2.261,-1.51487604,659.630131,1.2
2.262,-1.51493672,659.63028,1.2
2.263,-1.51487623,659.630132,1.2
2.264,-1.51493653,659.630279,1.2
2.265,-1.51487643,659.630132,1.2
2.266,-1.51493632,659.630278,1.2
2.267,-1.51487665,659.630133,1.2
2.268,-1.5149361,659.630278,1.2
2.269,-1.51487687,659.630134,1.2
2.27,-1.51493587,659.630277,1.2
2.271,-1.51487711,659.630135,1.2
2.272,-1.51493563,659.630276,1.2
2.273,-1.51487736,659.630135,1.2
2.274,-1.51493537,659.630275,1.2
2.275,-1.51487763,659.630136,1.2
2.276,-1.51493509,659.630275,1.2
2.277,-1.51487792,659.630137,1.2
2.278,-1.51493479,659.630274,1.2
2.279,-1.51487823,659.630138,1.2
2.28,-1.51493447,659.630273,1.2
2.281,-1.51487856,659.630139,1.2
2.282,-1.51493412,659.630272,1.2
2.283,-1.51487893,659.63014,1.2
2.284,-1.51493374,659.630271,1.2
2.285,-1.51487932,659.630141,1.2
2.286,-1.51493333,659.63027,1.2
2.287,-1.51487975,659.630142,1.2
2.288,-1.51493288,659.630269,1.2
2.289,-1.51488023,659.630143,1.2
2.29,-1.51493238,659.630268,1.2
2.291,-1.51488075,659.630144,1.2
2.292,-1.51493183,659.630266,1.2
2.293,-1.51488133,659.630146,1.2
2.294,-1.51493121,659.630265,1.2
2.295,-1.51488199,659.630147,1.2
2.296,-1.51493052,659.630263,1.2
2.297,-1.51488272,659.630149,1.2
2.298,-1.51492973,659.630262,1.2
2.299,-1.51488356,659.63015,1.2
2.3,-1.51492884,659.63026,1.2
2.301,-1.51488451,659.630152,1.2
2.302,-1.51492782,659.630258,1.2
2.303,-1.51488561,659.630154,1.2
2.304,-1.51492663,659.630256,1.2
2.305,-1.51488689,659.630157,1.2
2.306,-1.51492524,659.630253,1.2
2.307,-1.5148884,659.630159,1.2
2.308,-1.5149236,659.630251,1.2
2.309,-1.5148902,659.630162,1.2
2.31,-1.51492162,659.630247,1.2
2.311,-1.51489238,659.630166,1.2
2.312,-1.51491921,659.630244,1.2
2.313,-1.51489506,659.63017,1.2
2.314,-1.51491622,659.630239,1.2
2.315,-1.51489842,659.630174,1.2
2.316,-1.51491243,659.630234,1.2
2.317,-1.51490273,659.63018,1.2
2.318,-1.5149075,659.630227,1.2
2.319,-1.51490842,659.630188,1.2
2.32,-1.51490085,659.630219,1.2
2.321,-1.51491625,659.630197,1.2
2.322,-1.51489152,659.630208,1.2
2.323,-1.51492754,659.630211,1.2
2.324,-1.51487761,659.630192,1.2
2.325,-1.51494505,659.63023,1.2
2.326,-1.51485499,659.630167,1.2
2.327,-1.51497528,659.630263,1.2
2.328,-1.51481272,659.630122,1.2
2.329,-1.51503815,659.630329,1.2
2.33,-1.51471025,659.630017,1.2
2.331,-1.51523184,659.630526,1.2
2.332,-1.51422576,659.629529,1.2
2.333,-1.5178395,659.633137,1.2
2.334,-1.52794903,659.643248,1.2
2.335,-1.53592651,659.651228,1.2
2.336,-1.54525866,659.660554,1.2
2.337,-1.55355842,659.668864,1.2
2.338,-1.56271584,659.678006,1.2
2.339,-1.57112399,659.686435,1.2
2.34,-1.58020868,659.695493,1.2
2.341,-1.58866805,659.703986,1.2
2.342,-1.59771561,659.712993,1.2
2.343,-1.60620224,659.721527,1.2
2.344,-1.61522986,659.730499,1.2
2.345,-1.6237307,659.739065,1.2
2.346,-1.63274882,659.748007,1.2
2.347,-1.6412551,659.756601,1.2
2.348,-1.65027149,659.765516,1.2
2.349,-1.65877591,659.774138,1.2
2.35,-1.66779781,659.783025,1.2
2.351,-1.67629282,659.791675,1.2
2.352,-1.68532854,659.800531,1.2
2.353,-1.69380448,659.809216,1.2
2.354,-1.70286581,659.818033,1.2
2.355,-1.7113076,659.826765,1.2
2.356,-1.7204148,659.835523,1.2
2.357,-1.72879371,659.844329,1.2
2.358,-1.73799017,659.852988,1.2
2.359,-1.7462352,659.861937,1.2
2.36,-1.75565088,659.870369,1.2
2.361,-1.76347834,659.879743,1.2
2.362,-1.77398304,659.887078,1.2
2.363,-1.7721801,659.90609,1.2
2.364,-1.76642334,659.92968,1.2
2.365,-1.76223842,659.95108,1.2
2.366,-1.75712561,659.97402,1.2
2.367,-1.75264205,659.995724,1.2
2.368,-1.74770102,660.018488,1.2
2.369,-1.74310623,660.040308,1.2
2.37,-1.73824287,660.062989,1.2
2.371,-1.73359092,660.08487,1.2
2.372,-1.72877126,660.107504,1.2
2.373,-1.7240849,660.129424,1.2
2.374,-1.71929299,660.152025,1.2
2.375,-1.71458383,660.173972,1.2
2.376,-1.70981094,660.196551,1.2
2.377,-1.7050857,660.218517,1.2
2.378,-1.70032656,660.241079,1.2
2.379,-1.69558945,660.26306,1.2
2.38,-1.69084064,660.285609,1.2
2.381,-1.68609447,660.307602,1.2
2.382,-1.68135367,660.330139,1.2
2.383,-1.67660038,660.352142,1.2
2.384,-1.67186593,660.374671,1.2
2.385,-1.66710694,660.396682,1.2
2.386,-1.66237763,660.419203,1.2
2.387,-1.65761399,660.441222,1.2
2.388,-1.6528889,660.463736,1.2
2.389,-1.64812142,660.485761,1.2
2.39,-1.64339985,660.50827,1.2
2.391,-1.63862914,660.530299,1.2
2.392,-1.63391053,660.552803,1.2
2.393,-1.6291371,660.574837,1.2
2.394,-1.624421,660.597337,1.2
2.395,-1.61964524,660.619376,1.2
2.396,-1.6149313,660.641871,1.2
2.397,-1.61015354,660.663913,1.2
2.398,-1.60544147,660.686405,1.2
2.399,-1.60066196,660.708451,1.2
2.4,-1.59595151,660.73094,1.2
2.401,-1.59117049,660.752989,1.2
2.402,-1.58646146,660.775474,1.2
2.403,-1.58167911,660.797526,1.2
2.404,-1.57697133,660.820009,1.2
2.405,-1.5721878,660.842063,1.2
2.406,-1.56748113,660.864544,1.2
2.407,-1.56269656,660.886601,1.2
2.408,-1.55799086,660.909078,1.2
2.409,-1.55320538,660.931138,1.2
2.41,-1.54850055,660.953613,1.2
2.411,-1.54371424,660.975675,1.2
2.412,-1.53901019,660.998148,1.2
2.413,-1.53422314,661.020212,1.2
2.414,-1.52951979,661.042683,1.2
2.415,-1.52473209,661.064749,1.2
2.416,-1.52002936,661.087219,1.2
2.417,-1.51524106,661.109286,1.2
2.418,-1.5105389,661.131754,1.2
2.419,-1.50575006,661.153822,1.2
2.42,-1.50104841,661.176289,1.2
2.421,-1.49625909,661.198359,1.2
2.422,-1.49155789,661.220824,1.2
2.423,-1.48676814,661.242896,1.2
2.424,-1.48206736,661.265359,1.2
2.425,-1.47727721,661.287433,1.2
2.426,-1.4725768,661.309895,1.2
2.427,-1.4677863,661.331969,1.2
2.428,-1.46308623,661.35443,1.2
2.429,-1.4582954,661.376506,1.2
2.43,-1.45359565,661.398965,1.2
2.431,-1.44880452,661.421043,1.2
2.432,-1.44410505,661.443501,1.2
2.433,-1.43931365,661.465579,1.2
2.434,-1.43461444,661.488036,1.2
2.435,-1.4298228,661.510116,1.2
2.436,-1.42512381,661.532572,1.2
2.437,-1.42033195,661.554652,1.2
2.438,-1.41563318,661.577107,1.2
2.439,-1.41084111,661.599189,1.2
2.44,-1.40614253,661.621643,1.2
2.441,-1.40135029,661.643725,1.2
2.442,-1.39665188,661.666178,1.2
2.443,-1.39185947,661.688262,1.2
2.444,-1.38716122,661.710714,1.2
2.445,-1.38236866,661.732798,1.2
2.446,-1.37767056,661.755249,1.2
2.447,-1.37287785,661.777335,1.2
2.448,-1.36817988,661.799785,1.2
2.449,-1.36338706,661.821871,1.2
2.45,-1.3586892,661.84432,1.2
2.451,-1.35389627,661.866408,1.2
2.452,-1.34919852,661.888856,1.2
2.453,-1.34440548,661.910944,1.2
2.454,-1.33970783,661.933391,1.2
2.455,-1.3349147,661.955481,1.2
2.456,-1.33021713,661.977927,1.2
2.457,-1.32542392,662.000017,1.2
2.458,-1.32072643,662.022463,1.2
2.459,-1.31593315,662.044553,1.2
2.46,-1.31123573,662.066998,1.2
2.461,-1.30644238,662.08909,1.2
2.462,-1.30174502,662.111534,1.2
2.463,-1.29695161,662.133626,1.2
2.464,-1.29225431,662.15607,1.2
2.465,-1.28746085,662.178163,1.2
2.466,-1.2827636,662.200605,1.2
2.467,-1.27797009,662.222699,1.2
2.468,-1.27327288,662.245141,1.2
2.469,-1.26847934,662.267235,1.2
2.47,-1.26378216,662.289677,1.2
2.471,-1.25898858,662.311772,1.2
2.472,-1.25429144,662.334212,1.2
2.473,-1.24949783,662.356308,1.2
2.474,-1.24480071,662.378748,1.2
2.475,-1.24000709,662.400844,1.2
2.476,-1.23530998,662.423284,1.2
2.477,-1.23051634,662.445381,1.2
2.478,-1.22581925,662.467819,1.2
2.479,-1.2210256,662.489917,1.2
2.48,-1.21632852,662.512355,1.2
2.481,-1.21153486,662.534453,1.2
2.482,-1.20683779,662.556891,1.2
2.483,-1.20204412,662.578989,1.2
2.484,-1.19734705,662.601426,1.2
2.485,-1.19255338,662.623526,1.2
2.486,-1.18785631,662.645962,1.2
2.487,-1.18306264,662.668062,1.2
2.488,-1.17836557,662.690498,1.2
2.489,-1.17357191,662.712598,1.2
2.49,-1.16887483,662.735034,1.2
2.491,-1.16408117,662.757135,1.2
2.492,-1.15938409,662.779569,1.2
2.493,-1.15459044,662.801671,1.2
2.494,-1.14989335,662.824105,1.2
2.495,-1.14509971,662.846207,1.2
2.496,-1.14040261,662.868641,1.2
2.497,-1.13560898,662.890743,1.2
2.498,-1.13091186,662.913177,1.2
2.499,-1.12611825,662.93528,1.2
2.5,-1.12142111,662.957712,1.2
2.501,-1.11662753,662.979816,1.2
2.502,-1.11193037,663.002248,1.2
2.503,-1.1071368,663.024352,1.2
2.504,-1.10243962,663.046784,1.2
2.505,-1.09764607,663.068888,1.2
2.506,-1.09294887,663.09132,1.2
2.507,-1.08815535,663.113425,1.2
2.508,-1.08345812,663.135855,1.2
2.509,-1.07866463,663.157961,1.2
2.51,-1.07396737,663.180391,1.2
2.511,-1.0691739,663.202497,1.2
2.512,-1.06447661,663.224927,1.2
2.513,-1.05968318,663.247033,1.2
2.514,-1.05498586,663.269463,1.2
2.515,-1.05019246,663.29157,1.2
2.516,-1.04549511,663.313998,1.2
2.517,-1.04070174,663.336106,1.2
2.518,-1.03600435,663.358534,1.2
2.519,-1.03121102,663.380642,1.2
2.52,-1.0265136,663.40307,1.2
2.521,-1.0217203,663.425178,1.2
2.522,-1.01702284,663.447606,1.2
2.523,-1.01222958,663.469715,1.2
2.524,-1.00753209,663.492142,1.2
2.525,-1.00273886,663.514251,1.2
2.526,-0.998041333,663.536677,1.2
2.527,-0.993248143,663.558787,1.2
2.528,-0.988550576,663.581213,1.2
2.529,-0.983757426,663.603323,1.2
2.53,-0.979059819,663.625749,1.2
2.531,-0.974266709,663.647859,1.2
2.532,-0.969569061,663.670285,1.2
2.533,-0.964775992,663.692396,1.2
2.534,-0.960078303,663.714821,1.2
2.535,-0.955285276,663.736932,1.2
2.536,-0.950587545,663.759356,1.2
2.537,-0.94579456,663.781468,1.2
2.538,-0.941096786,663.803892,1.2
2.539,-0.936303844,663.826004,1.2
2.54,-0.931606027,663.848428,1.2
2.541,-0.926813129,663.87054,1.2
2.542,-0.922115268,663.892964,1.2
2.543,-0.917322414,663.915077,1.2
2.544,-0.912624508,663.9375,1.2
2.545,-0.907831699,663.959613,1.2
2.546,-0.903133749,663.982035,1.2
2.547,-0.898340985,664.004149,1.2
2.548,-0.893642989,664.026571,1.2
2.549,-0.88885027,664.048685,1.2
2.55,-0.884152228,664.071107,1.2
2.551,-0.879359556,664.093221,1.2
2.552,-0.874661468,664.115643,1.2
2.553,-0.869868843,664.137758,1.2
2.554,-0.865170707,664.160179,1.2
2.555,-0.860378129,664.182294,1.2
2.556,-0.855679946,664.204715,1.2
2.557,-0.850887415,664.22683,1.2
2.558,-0.846189185,664.24925,1.2
2.559,-0.841396702,664.271366,1.2
2.56,-0.836698424,664.293786,1.2
2.561,-0.831905989,664.315902,1.2
2.562,-0.827207663,664.338322,1.2
2.563,-0.822415275,664.360439,1.2
2.564,-0.817716902,664.382858,1.2
2.565,-0.812924562,664.404975,1.2
2.566,-0.80822614,664.427394,1.2
2.567,-0.803433849,664.449511,1.2
2.568,-0.798735379,664.47193,1.2
2.569,-0.793943136,664.494047,1.2
2.57,-0.789244618,664.516465,1.2
2.571,-0.784452423,664.538583,1.2
2.572,-0.779753856,664.561001,1.2
2.573,-0.77496171,664.583119,1.2
2.574,-0.770263095,664.605537,1.2
2.575,-0.765470997,664.627656,1.2
2.576,-0.760772334,664.650073,1.2
2.577,-0.755980283,664.672192,1.2
2.578,-0.751281573,664.694609,1.2
2.579,-0.74648957,664.716728,1.2
2.58,-0.741790812,664.739145,1.2
2.581,-0.736998856,664.761264,1.2
2.582,-0.732300052,664.783681,1.2
2.583,-0.727508142,664.8058,1.2
2.584,-0.722809292,664.828216,1.2
2.585,-0.718017427,664.850336,1.2
2.586,-0.713318532,664.872752,1.2
2.587,-0.708526713,664.894872,1.2
2.588,-0.703827772,664.917288,1.2
2.589,-0.699035997,664.939409,1.2
2.59,-0.694337013,664.961824,1.2
2.591,-0.689545282,664.983945,1.2
2.592,-0.684846255,665.00636,1.2
2.593,-0.680054565,665.028481,1.2
2.594,-0.675355498,665.050896,1.2
2.595,-0.670563848,665.073017,1.2
2.596,-0.665864741,665.095432,1.2
2.597,-0.661073129,665.117553,1.2
2.598,-0.656373985,665.139967,1.2
2.599,-0.65158241,665.162089,1.2
2.6,-0.646883231,665.184503,1.2
2.601,-0.642091689,665.206625,1.2
2.602,-0.637392479,665.229039,1.2
2.603,-0.632600966,665.251162,1.2
2.604,-0.627901728,665.273575,1.2
2.605,-0.623110241,665.295698,1.2
2.606,-0.61841098,665.318111,1.2
2.607,-0.613619513,665.340234,1.2
2.608,-0.608920235,665.362647,1.2
2.609,-0.604128781,665.38477,1.2
2.61,-0.599429494,665.407183,1.2
2.611,-0.594638046,665.429306,1.2
2.612,-0.589938758,665.451719,1.2
2.613,-0.585147305,665.473842,1.2
2.614,-0.580448028,665.496255,1.2
2.615,-0.575656556,665.518378,1.2
2.616,-0.570957306,665.540791,1.2
2.617,-0.566165799,665.562914,1.2
2.618,-0.561466595,665.585326,1.2
2.619,-0.556675029,665.60745,1.2
2.62,-0.551975899,665.629862,1.2
2.621,-0.547184242,665.651986,1.2
2.622,-0.542485222,665.674398,1.2
2.623,-0.537693432,665.696523,1.2
2.624,-0.532994573,665.718934,1.2
2.625,-0.528202588,665.741059,1.2
2.626,-0.523503964,665.76347,1.2
2.627,-0.518711695,665.785594,1.2
2.628,-0.514013417,665.808007,1.2
2.629,-0.509220726,665.83013,1.2
2.63,-0.504522965,665.852543,1.2
2.631,-0.499729635,665.874666,1.2
2.632,-0.495032671,665.897079,1.2
2.633,-0.490238334,665.919202,1.2
2.634,-0.48554266,665.941616,1.2
2.635,-0.480746643,665.963737,1.2
2.636,-0.476053204,665.986153,1.2
2.637,-0.471254136,666.008271,1.2
2.638,-0.466564997,666.030692,1.2
2.639,-0.461759619,666.052803,1.2
2.64,-0.457080248,666.075234,1.2
2.641,-0.452258608,666.097329,1.2
2.642,-0.447609287,666.119789,1.2
2.643,-0.442722292,666.141819,1.2
2.644,-0.438263922,666.164471,1.2
2.645,-0.432169999,666.185294,1.2
2.646,-0.420607694,666.200841,1.2
2.647,-0.406774148,666.213925,1.2
2.648,-0.393418605,666.227679,1.2
2.649,-0.379812665,666.24099,1.2
2.65,-0.366383293,666.25467,1.2
2.651,-0.352810581,666.268014,1.2
2.652,-0.33936333,666.281677,1.2
2.653,-0.325801423,666.295032,1.2
2.654,-0.312347068,666.308688,1.2
2.655,-0.298790155,666.322047,1.2
2.656,-0.285332083,666.3357,1.2
2.657,-0.271778085,666.349061,1.2
2.658,-0.258317607,666.362713,1.2
2.659,-0.244765699,666.376075,1.2
2.66,-0.231303309,666.389726,1.2
2.661,-0.217753244,666.403089,1.2
2.662,-0.20428898,666.416739,1.2
2.663,-0.190740924,666.430102,1.2
2.664,-0.177274396,666.443753,1.2
2.665,-0.16372902,666.457114,1.2
2.666,-0.150259166,666.470768,1.2
2.667,-0.136718115,666.484125,1.2
2.668,-0.123242346,666.497785,1.2
2.669,-0.109709853,666.511134,1.2
2.67,-0.0962208416,666.524806,1.2
2.671,-0.0827107111,666.538134,1.2
2.672,-0.0691789754,666.551847,1.2
2.673,-0.0557680761,666.565076,1.2
2.674,-0.0419005635,666.579125,1.2
2.675,-0.0327604084,666.588084,1.2
2.676,-0.0318387679,666.589187,1.2
2.677,-0.0320203859,666.588825,1.2
2.678,-0.0319677068,666.589058,1.2
2.679,-0.031976725,666.588869,1.2
2.68,-0.0319874229,666.589038,1.2
2.681,-0.0319662243,666.588879,1.2
2.682,-0.0319936494,666.589031,1.2
2.683,-0.0319622433,666.588883,1.2
2.684,-0.0319963404,666.589029,1.2
2.685,-0.0319603451,666.588885,1.2
2.686,-0.0319977251,666.589027,1.2
2.687,-0.0319593074,666.588887,1.2
2.688,-0.0319985201,666.589026,1.2
2.689,-0.0319586871,666.588888,1.2
2.69,-0.0319990114,666.589025,1.2
2.691,-0.031958293,666.588888,1.2
2.692,-0.0319993309,666.589025,1.2
2.693,-0.0319580317,666.588888,1.2
2.694,-0.0319995462,666.589024,1.2
2.695,-0.0319578532,666.588889,1.2
2.696,-0.0319996949,666.589024,1.2
2.697,-0.0319577289,666.588889,1.2
2.698,-0.0319997989,666.589024,1.2
2.699,-0.0319576416,666.588889,1.2
2.7,-0.0319998721,666.589024,1.2
2.701,-0.0319575803,666.58889,1.2
2.702,-0.0319999233,666.589023,1.2
2.703,-0.0319575378,666.58889,1.2
2.704,-0.0319999584,666.589023,1.2
2.705,-0.0319575091,666.58889,1.2
2.706,-0.0319999816,666.589023,1.2
2.707,-0.0319574908,666.58889,1.2
2.708,-0.0319999955,666.589023,1.2
2.709,-0.0319574806,666.58889,1.2
2.71,-0.0320000025,666.589023,1.2
2.711,-0.0319574766,666.58889,1.2
2.712,-0.0320000039,666.589023,1.2
2.713,-0.0319574775,666.588891,1.2
2.714,-0.0320000009,666.589023,1.2
2.715,-0.0319574823,666.588891,1.2
2.716,-0.0319999945,666.589022,1.2
2.717,-0.0319574902,666.588891,1.2
2.718,-0.0319999852,666.589022,1.2
2.719,-0.0319575008,666.588891,1.2
2.72,-0.0319999736,666.589022,1.2
2.721,-0.0319575134,666.588891,1.2
2.722,-0.03199996,666.589022,1.2
2.723,-0.0319575277,666.588891,1.2
2.724,-0.0319999449,666.589022,1.2
2.725,-0.0319575435,666.588891,1.2
2.726,-0.0319999285,666.589022,1.2
2.727,-0.0319575605,666.588891,1.2
2.728,-0.031999911,666.589022,1.2
2.729,-0.0319575785,666.588892,1.2
2.73,-0.0319998926,666.589022,1.2
2.731,-0.0319575974,666.588892,1.2
2.732,-0.0319998733,666.589021,1.2
2.733,-0.0319576169,666.588892,1.2
2.734,-0.0319998534,666.589021,1.2
2.735,-0.0319576371,666.588892,1.2
2.736,-0.031999833,666.589021,1.2
2.737,-0.0319576578,666.588892,1.2
2.738,-0.031999812,666.589021,1.2
2.739,-0.031957679,666.588892,1.2
2.74,-0.0319997906,666.589021,1.2
2.741,-0.0319577006,666.588892,1.2
2.742,-0.0319997689,666.589021,1.2
2.743,-0.0319577224,666.588892,1.2
2.744,-0.0319997469,666.589021,1.2
2.745,-0.0319577446,666.588892,1.2
2.746,-0.0319997246,666.589021,1.2
2.747,-0.031957767,666.588893,1.2
2.748,-0.0319997021,666.589021,1.2
2.749,-0.0319577896,666.588893,1.2
2.75,-0.0319996794,666.58902,1.2
2.751,-0.0319578124,666.588893,1.2
2.752,-0.0319996565,666.58902,1.2
2.753,-0.0319578354,666.588893,1.2
2.754,-0.0319996335,666.58902,1.2
2.755,-0.0319578584,666.588893,1.2
2.756,-0.0319996104,666.58902,1.2
2.757,-0.0319578816,666.588893,1.2
2.758,-0.0319995871,666.58902,1.2
2.759,-0.0319579049,666.588893,1.2
2.76,-0.0319995638,666.58902,1.2
2.761,-0.0319579283,666.588893,1.2
2.762,-0.0319995404,666.58902,1.2
2.763,-0.0319579517,666.588893,1.2
2.764,-0.031999517,666.58902,1.2
2.765,-0.0319579752,666.588893,1.2
2.766,-0.0319994935,666.58902,1.2
2.767,-0.0319579987,666.588894,1.2
2.768,-0.03199947,666.58902,1.2
2.769,-0.0319580222,666.588894,1.2
2.77,-0.0319994464,666.589019,1.2
2.771,-0.0319580458,666.588894,1.2
2.772,-0.0319994228,666.589019,1.2
2.773,-0.0319580694,666.588894,1.2
2.774,-0.0319993992,666.589019,1.2
2.775,-0.031958093,666.588894,1.2
2.776,-0.0319993756,666.589019,1.2
2.777,-0.0319581166,666.588894,1.2
2.778,-0.031999352,666.589019,1.2
2.779,-0.0319581402,666.588894,1.2
2.78,-0.0319993284,666.589019,1.2
2.781,-0.0319581638,666.588894,1.2
2.782,-0.0319993048,666.589019,1.2
2.783,-0.0319581874,666.588894,1.2
2.784,-0.0319992812,666.589019,1.2
2.785,-0.0319582109,666.588894,1.2
2.786,-0.0319992577,666.589019,1.2
2.787,-0.0319582345,666.588894,1.2
2.788,-0.0319992341,666.589019,1.2
2.789,-0.031958258,666.588895,1.2
2.79,-0.0319992106,666.589019,1.2
2.791,-0.0319582815,666.588895,1.2
2.792,-0.0319991871,666.589018,1.2
2.793,-0.031958305,666.588895,1.2
2.794,-0.0319991636,666.589018,1.2
2.795,-0.0319583285,666.588895,1.2
2.796,-0.0319991402,666.589018,1.2
2.797,-0.0319583519,666.588895,1.2
2.798,-0.0319991168,666.589018,1.2
2.799,-0.0319583753,666.588895,1.2
2.8,-0.0319990934,666.589018,1.2
2.801,-0.0319583987,666.588895,1.2
2.802,-0.0319990701,666.589018,1.2
2.803,-0.031958422,666.588895,1.2
2.804,-0.0319990468,666.589018,1.2
2.805,-0.0319584453,666.588895,1.2
2.806,-0.0319990235,666.589018,1.2
2.807,-0.0319584685,666.588895,1.2
2.808,-0.0319990003,666.589018,1.2
2.809,-0.0319584917,666.588895,1.2
2.81,-0.0319989771,666.589018,1.2
2.811,-0.0319585149,666.588896,1.2
2.812,-0.0319989539,666.589018,1.2
2.813,-0.031958538,666.588896,1.2
2.814,-0.0319989308,666.589018,1.2
2.815,-0.0319585611,666.588896,1.2
2.816,-0.0319989078,666.589017,1.2
2.817,-0.0319585841,666.588896,1.2
2.818,-0.0319988848,666.589017,1.2
2.819,-0.0319586071,666.588896,1.2
2.82,-0.0319988618,666.589017,1.2
2.821,-0.03195863,666.588896,1.2
2.822,-0.0319988389,666.589017,1.2
2.823,-0.0319586529,666.588896,1.2
2.824,-0.031998816,666.589017,1.2
2.825,-0.0319586758,666.588896,1.2
2.826,-0.0319987932,666.589017,1.2
2.827,-0.0319586986,666.588896,1.2
2.828,-0.0319987704,666.589017,1.2
2.829,-0.0319587213,666.588896,1.2
2.83,-0.0319987477,666.589017,1.2
2.831,-0.031958744,666.588896,1.2
2.832,-0.031998725,666.589017,1.2
2.833,-0.0319587667,666.588896,1.2
2.834,-0.0319987024,666.589017,1.2
2.835,-0.0319587893,666.588897,1.2
2.836,-0.0319986798,666.589017,1.2
2.837,-0.0319588118,666.588897,1.2
2.838,-0.0319986573,666.589016,1.2
2.839,-0.0319588343,666.588897,1.2
2.84,-0.0319986348,666.589016,1.2
2.841,-0.0319588568,666.588897,1.2
2.842,-0.0319986124,666.589016,1.2
2.843,-0.0319588792,666.588897,1.2
2.844,-0.0319985901,666.589016,1.2
2.845,-0.0319589015,666.588897,1.2
2.846,-0.0319985677,666.589016,1.2
2.847,-0.0319589238,666.588897,1.2
2.848,-0.0319985455,666.589016,1.2
2.849,-0.031958946,666.588897,1.2
2.85,-0.0319985233,666.589016,1.2
2.851,-0.0319589682,666.588897,1.2
2.852,-0.0319985011,666.589016,1.2
2.853,-0.0319589904,666.588897,1.2
2.854,-0.031998479,666.589016,1.2
2.855,-0.0319590124,666.588897,1.2
2.856,-0.0319984569,666.589016,1.2
2.857,-0.0319590345,666.588897,1.2
2.858,-0.0319984349,666.589016,1.2
2.859,-0.0319590564,666.588898,1.2
2.86,-0.031998413,666.589016,1.2
2.861,-0.0319590784,666.588898,1.2
2.862,-0.0319983911,666.589016,1.2
2.863,-0.0319591002,666.588898,1.2
2.864,-0.0319983693,666.589015,1.2
2.865,-0.031959122,666.588898,1.2
2.866,-0.0319983475,666.589015,1.2
2.867,-0.0319591438,666.588898,1.2
2.868,-0.0319983257,666.589015,1.2
2.869,-0.0319591655,666.588898,1.2
2.87,-0.0319983041,666.589015,1.2
2.871,-0.0319591872,666.588898,1.2
2.872,-0.0319982824,666.589015,1.2
2.873,-0.0319592088,666.588898,1.2
2.874,-0.0319982609,666.589015,1.2
2.875,-0.0319592303,666.588898,1.2
2.876,-0.0319982393,666.589015,1.2
2.877,-0.0319592518,666.588898,1.2
2.878,-0.0319982179,666.589015,1.2
2.879,-0.0319592732,666.588898,1.2
2.88,-0.0319981965,666.589015,1.2
2.881,-0.0319592946,666.588898,1.2
2.882,-0.0319981751,666.589015,1.2
2.883,-0.031959316,666.588898,1.2
2.884,-0.0319981538,666.589015,1.2
2.885,-0.0319593372,666.588899,1.2
2.886,-0.0319981325,666.589015,1.2
2.887,-0.0319593585,666.588899,1.2
2.888,-0.0319981114,666.589015,1.2
2.889,-0.0319593796,666.588899,1.2
2.89,-0.0319980902,666.589014,1.2
2.891,-0.0319594007,666.588899,1.2
2.892,-0.0319980691,666.589014,1.2
2.893,-0.0319594218,666.588899,1.2
2.894,-0.0319980481,666.589014,1.2
2.895,-0.0319594428,666.588899,1.2
2.896,-0.0319980271,666.589014,1.2
2.897,-0.0319594638,666.588899,1.2
2.898,-0.0319980062,666.589014,1.2
2.899,-0.0319594847,666.588899,1.2
2.9,-0.0319979853,666.589014,1.2
2.901,-0.0319595055,666.588899,1.2
2.902,-0.0319979645,666.589014,1.2
2.903,-0.0319595263,666.588899,1.2
2.904,-0.0319979437,666.589014,1.2
2.905,-0.031959547,666.588899,1.2
2.906,-0.031997923,666.589014,1.2
2.907,-0.0319595677,666.588899,1.2
2.908,-0.0319979024,666.589014,1.2
2.909,-0.0319595883,666.588899,1.2
2.91,-0.0319978818,666.589014,1.2
2.911,-0.0319596089,666.588899,1.2
2.912,-0.0319978612,666.589014,1.2
2.913,-0.0319596294,666.5889,1.2
2.914,-0.0319978407,666.589014,1.2
2.915,-0.0319596499,666.5889,1.2
2.916,-0.0319978203,666.589014,1.2
2.917,-0.0319596703,666.5889,1.2
2.918,-0.0319977999,666.589013,1.2
2.919,-0.0319596907,666.5889,1.2
2.92,-0.0319977795,666.589013,1.2
2.921,-0.031959711,666.5889,1.2
2.922,-0.0319977593,666.589013,1.2
2.923,-0.0319597313,666.5889,1.2
2.924,-0.031997739,666.589013,1.2
2.925,-0.0319597515,666.5889,1.2
2.926,-0.0319977188,666.589013,1.2
2.927,-0.0319597716,666.5889,1.2
2.928,-0.0319976987,666.589013,1.2
2.929,-0.0319597917,666.5889,1.2
2.93,-0.0319976787,666.589013,1.2
2.931,-0.0319598118,666.5889,1.2
2.932,-0.0319976586,666.589013,1.2
2.933,-0.0319598317,666.5889,1.2
2.934,-0.0319976387,666.589013,1.2
2.935,-0.0319598517,666.5889,1.2
2.936,-0.0319976188,666.589013,1.2
2.937,-0.0319598716,666.5889,1.2
2.938,-0.0319975989,666.589013,1.2
2.939,-0.0319598914,666.5889,1.2
2.94,-0.0319975791,666.589013,1.2
2.941,-0.0319599112,666.588901,1.2
2.942,-0.0319975593,666.589013,1.2
2.943,-0.0319599309,666.588901,1.2
2.944,-0.0319975396,666.589013,1.2
2.945,-0.0319599506,666.588901,1.2
2.946,-0.03199752,666.589012,1.2
2.947,-0.0319599702,666.588901,1.2
2.948,-0.0319975004,666.589012,1.2
2.949,-0.0319599898,666.588901,1.2
2.95,-0.0319974809,666.589012,1.2
2.951,-0.0319600093,666.588901,1.2
2.952,-0.0319974614,666.589012,1.2
2.953,-0.0319600288,666.588901,1.2
2.954,-0.0319974419,666.589012,1.2
2.955,-0.0319600482,666.588901,1.2
2.956,-0.0319974225,666.589012,1.2
2.957,-0.0319600675,666.588901,1.2
2.958,-0.0319974032,666.589012,1.2
2.959,-0.0319600868,666.588901,1.2
2.96,-0.0319973839,666.589012,1.2
2.961,-0.0319601061,666.588901,1.2
2.962,-0.0319973647,666.589012,1.2
2.963,-0.0319601253,666.588901,1.2
2.964,-0.0319973455,666.589012,1.2
2.965,-0.0319601444,666.588901,1.2
2.966,-0.0319973264,666.589012,1.2
2.967,-0.0319601635,666.588901,1.2
2.968,-0.0319973073,666.589012,1.2
2.969,-0.0319601826,666.588901,1.2
2.97,-0.0319972883,666.589012,1.2
2.971,-0.0319602016,666.588902,1.2
2.972,-0.0319972693,666.589012,1.2
2.973,-0.0319602205,666.588902,1.2
2.974,-0.0319972504,666.589012,1.2
2.975,-0.0319602394,666.588902,1.2
2.976,-0.0319972315,666.589011,1.2
2.977,-0.0319602583,666.588902,1.2
2.978,-0.0319972127,666.589011,1.2
2.979,-0.0319602771,666.588902,1.2
2.98,-0.031997194,666.589011,1.2
2.981,-0.0319602958,666.588902,1.2
2.982,-0.0319971752,666.589011,1.2
2.983,-0.0319603145,666.588902,1.2
2.984,-0.0319971566,666.589011,1.2
2.985,-0.0319603331,666.588902,1.2
2.986,-0.031997138,666.589011,1.2
2.987,-0.0319603517,666.588902,1.2
2.988,-0.0319971194,666.589011,1.2
2.989,-0.0319603702,666.588902,1.2
2.99,-0.0319971009,666.589011,1.2
2.991,-0.0319603887,666.588902,1.2
2.992,-0.0319970824,666.589011,1.2
2.993,-0.0319604072,666.588902,1.2
2.994,-0.031997064,666.589011,1.2
2.995,-0.0319604255,666.588902,1.2
2.996,-0.0319970457,666.589011,1.2
2.997,-0.0319604439,666.588902,1.2
2.998,-0.0319970274,666.589011,1.2
2.999,-0.0319604621,666.588902,1.2
3,-0.0319970091,666.589011,1.2
3.001,-0.0319604804,666.588902,1.2
3.002,-0.0319969909,666.589011,1.2
3.003,-0.0319604985,666.588903,1.2
3.004,-0.0319969728,666.589011,1.2
3.005,-0.0319605167,666.588903,1.2
3.006,-0.0319969547,666.589011,1.2
3.007,-0.0319605347,666.588903,1.2
3.008,-0.0319969366,666.58901,1.2
3.009,-0.0319605528,666.588903,1.2
3.01,-0.0319969186,666.58901,1.2
3.011,-0.0319605707,666.588903,1.2
3.012,-0.0319969007,666.58901,1.2
3.013,-0.0319605887,666.588903,1.2
3.014,-0.0319968828,666.58901,1.2
3.015,-0.0319606065,666.588903,1.2
3.016,-0.0319968649,666.58901,1.2
3.017,-0.0319606243,666.588903,1.2
3.018,-0.0319968472,666.58901,1.2
3.019,-0.0319606421,666.588903,1.2
3.02,-0.0319968294,666.58901,1.2
3.021,-0.0319606598,666.588903,1.2
3.022,-0.0319968117,666.58901,1.2
3.023,-0.0319606775,666.588903,1.2
3.024,-0.0319967941,666.58901,1.2
3.025,-0.0319606951,666.588903,1.2
3.026,-0.0319967765,666.58901,1.2
3.027,-0.0319607127,666.588903,1.2
3.028,-0.0319967589,666.58901,1.2
3.029,-0.0319607302,666.588903,1.2
3.03,-0.0319967415,666.58901,1.2
3.031,-0.0319607477,666.588903,1.2
3.032,-0.031996724,666.58901,1.2
3.033,-0.0319607651,666.588903,1.2
3.034,-0.0319967066,666.58901,1.2
3.035,-0.0319607824,666.588903,1.2
3.036,-0.0319966893,666.58901,1.2
3.037,-0.0319607997,666.588904,1.2
3.038,-0.031996672,666.58901,1.2
3.039,-0.031960817,666.588904,1.2
3.04,-0.0319966548,666.58901,1.2
3.041,-0.0319608342,666.588904,1.2
3.042,-0.0319966376,666.589009,1.2
3.043,-0.0319608514,666.588904,1.2
3.044,-0.0319966205,666.589009,1.2
3.045,-0.0319608685,666.588904,1.2
3.046,-0.0319966034,666.589009,1.2
3.047,-0.0319608855,666.588904,1.2
3.048,-0.0319965864,666.589009,1.2
3.049,-0.0319609025,666.588904,1.2
3.05,-0.0319965694,666.589009,1.2
3.051,-0.0319609195,666.588904,1.2
3.052,-0.0319965524,666.589009,1.2
3.053,-0.0319609364,666.588904,1.2
3.054,-0.0319965356,666.589009,1.2
3.055,-0.0319609532,666.588904,1.2
3.056,-0.0319965188,666.589009,1.2
3.057,-0.03196097,666.588904,1.2
3.058,-0.031996502,666.589009,1.2
3.059,-0.0319609868,666.588904,1.2
3.06,-0.0319964853,666.589009,1.2
3.061,-0.0319610035,666.588904,1.2
3.062,-0.0319964686,666.589009,1.2
3.063,-0.0319610201,666.588904,1.2
3.064,-0.031996452,666.589009,1.2
3.065,-0.0319610367,666.588904,1.2
3.066,-0.0319964354,666.589009,1.2
3.067,-0.0319610532,666.588904,1.2
3.068,-0.0319964189,666.589009,1.2
3.069,-0.0319610697,666.588904,1.2
3.07,-0.0319964024,666.589009,1.2
3.071,-0.0319610862,666.588905,1.2
3.072,-0.031996386,666.589009,1.2
3.073,-0.0319611025,666.588905,1.2
3.074,-0.0319963697,666.589009,1.2
3.075,-0.0319611189,666.588905,1.2
3.076,-0.0319963534,666.589008,1.2
3.077,-0.0319611351,666.588905,1.2
3.078,-0.0319963371,666.589008,1.2
3.079,-0.0319611514,666.588905,1.2
3.08,-0.0319963209,666.589008,1.2
3.081,-0.0319611675,666.588905,1.2
3.082,-0.0319963048,666.589008,1.2
3.083,-0.0319611836,666.588905,1.2
3.084,-0.0319962887,666.589008,1.2
3.085,-0.0319611997,666.588905,1.2
3.086,-0.0319962727,666.589008,1.2
3.087,-0.0319612157,666.588905,1.2
3.088,-0.0319962567,666.589008,1.2
3.089,-0.0319612316,666.588905,1.2
3.09,-0.0319962408,666.589008,1.2
3.091,-0.0319612475,666.588905,1.2
3.092,-0.0319962249,666.589008,1.2
3.093,-0.0319612634,666.588905,1.2
3.094,-0.0319962091,666.589008,1.2
3.095,-0.0319612792,666.588905,1.2
3.096,-0.0319961934,666.589008,1.2
3.097,-0.0319612949,666.588905,1.2
3.098,-0.0319961777,666.589008,1.2
3.099,-0.0319613106,666.588905,1.2
3.1,-0.031996162,666.589008,1.2
3.101,-0.0319613262,666.588905,1.2
3.102,-0.0319961464,666.589008,1.2
3.103,-0.0319613417,666.588905,1.2
3.104,-0.0319961309,666.589008,1.2
3.105,-0.0319613572,666.588905,1.2
3.106,-0.0319961154,666.589008,1.2
3.107,-0.0319613727,666.588906,1.2
3.108,-0.0319961,666.589008,1.2
3.109,-0.0319613881,666.588906,1.2
3.11,-0.0319960847,666.589008,1.2
3.111,-0.0319614034,666.588906,1.2
3.112,-0.0319960694,666.589008,1.2
3.113,-0.0319614187,666.588906,1.2
3.114,-0.0319960541,666.589007,1.2
3.115,-0.0319614339,666.588906,1.2
3.116,-0.0319960389,666.589007,1.2
3.117,-0.031961449,666.588906,1.2
3.118,-0.0319960238,666.589007,1.2
3.119,-0.0319614641,666.588906,1.2
3.12,-0.0319960088,666.589007,1.2
3.121,-0.0319614791,666.588906,1.2
3.122,-0.0319959938,666.589007,1.2
3.123,-0.0319614941,666.588906,1.2
3.124,-0.0319959789,666.589007,1.2
3.125,-0.031961509,666.588906,1.2
3.126,-0.031995964,666.589007,1.2
3.127,-0.0319615238,666.588906,1.2
3.128,-0.0319959492,666.589007,1.2
3.129,-0.0319615386,666.588906,1.2
3.13,-0.0319959345,666.589007,1.2
3.131,-0.0319615533,666.588906,1.2
3.132,-0.0319959198,666.589007,1.2
3.133,-0.0319615679,666.588906,1.2
3.134,-0.0319959052,666.589007,1.2
3.135,-0.0319615825,666.588906,1.2
3.136,-0.0319958906,666.589007,1.2
3.137,-0.031961597,666.588906,1.2
3.138,-0.0319958762,666.589007,1.2
3.139,-0.0319616114,666.588906,1.2
3.14,-0.0319958618,666.589007,1.2
3.141,-0.0319616258,666.588906,1.2
3.142,-0.0319958474,666.589007,1.2
3.143,-0.0319616401,666.588906,1.2
3.144,-0.0319958332,666.589007,1.2
3.145,-0.0319616543,666.588907,1.2
3.146,-0.031995819,666.589007,1.2
3.147,-0.0319616685,666.588907,1.2
3.148,-0.0319958049,666.589007,1.2
3.149,-0.0319616826,666.588907,1.2
3.15,-0.0319957908,666.589007,1.2
3.151,-0.0319616966,666.588907,1.2
3.152,-0.0319957769,666.589006,1.2
3.153,-0.0319617105,666.588907,1.2
3.154,-0.031995763,666.589006,1.2
3.155,-0.0319617243,666.588907,1.2
3.156,-0.0319957491,666.589006,1.2
3.157,-0.0319617381,666.588907,1.2
3.158,-0.0319957354,666.589006,1.2
3.159,-0.0319617518,666.588907,1.2
3.16,-0.0319957217,666.589006,1.2
3.161,-0.0319617654,666.588907,1.2
3.162,-0.0319957082,666.589006,1.2
3.163,-0.031961779,666.588907,1.2
3.164,-0.0319956947,666.589006,1.2
3.165,-0.0319617925,666.588907,1.2
3.166,-0.0319956812,666.589006,1.2
3.167,-0.0319618058,666.588907,1.2
3.168,-0.0319956679,666.589006,1.2
3.169,-0.0319618192,666.588907,1.2
3.17,-0.0319956546,666.589006,1.2
3.171,-0.0319618324,666.588907,1.2
3.172,-0.0319956414,666.589006,1.2
3.173,-0.0319618455,666.588907,1.2
3.174,-0.0319956283,666.589006,1.2
3.175,-0.0319618586,666.588907,1.2
3.176,-0.0319956153,666.589006,1.2
3.177,-0.0319618716,666.588907,1.2
3.178,-0.0319956023,666.589006,1.2
3.179,-0.0319618846,666.588907,1.2
3.18,-0.0319955894,666.589006,1.2
3.181,-0.0319618975,666.588907,1.2
3.182,-0.0319955765,666.589006,1.2
3.183,-0.0319619103,666.588908,1.2
3.184,-0.0319955637,666.589006,1.2
3.185,-0.0319619231,666.588908,1.2
3.186,-0.0319955509,666.589006,1.2
3.187,-0.0319619359,666.588908,1.2
3.188,-0.0319955381,666.589006,1.2
3.189,-0.0319619486,666.588908,1.2
3.19,-0.0319955254,666.589005,1.2
3.191,-0.0319619614,666.588908,1.2
3.192,-0.0319955125,666.589005,1.2
3.193,-0.0319619743,666.588908,1.2
3.194,-0.0319954996,666.589005,1.2
3.195,-0.0319619873,666.588908,1.2
3.196,-0.0319954865,666.589005,1.2
3.197,-0.0319620005,666.588908,1.2
3.198,-0.0319954731,666.589005,1.2
3.199,-0.0319620141,666.588908,1.2
3.2,-0.0319954594,666.589005,1.2
3.201,-0.0319620281,666.588908,1.2
3.202,-0.031995445,666.589005,1.2
3.203,-0.0319620428,666.588908,1.2
3.204,-0.0319954298,666.589005,1.2
3.205,-0.0319620587,666.588908,1.2
3.206,-0.0319954132,666.589005,1.2
3.207,-0.0319620763,666.588908,1.2
3.208,-0.0319953944,666.589005,1.2
3.209,-0.0319620966,666.588908,1.2
3.21,-0.0319953721,666.589005,1.2
3.211,-0.0319621215,666.588908,1.2
3.212,-0.0319953437,666.589005,1.2
3.213,-0.0319621546,666.588908,1.2
3.214,-0.0319953038,666.589005,1.2
3.215,-0.0319622046,666.588908,1.2
3.216,-0.0319952382,666.589005,1.2
3.217,-0.0319622962,666.588909,1.2
3.218,-0.031995099,666.589004,1.2
3.219,-0.031962537,666.588909,1.2
3.22,-0.0319945785,666.589004,1.2
3.221,-0.0319643781,666.588911,1.2
3.222,-0.0320731219,666.589082,1.2
3.223,-0.032111015,666.589058,1.2
3.224,-0.0322177854,666.589227,1.2
3.225,-0.032256364,666.589203,1.2
3.226,-0.0323627858,666.589372,1.2
3.227,-0.0324015752,666.589348,1.2
3.228,-0.0325078565,666.589517,1.2
3.229,-0.0325467453,666.589493,1.2
3.23,-0.0326529535,666.589662,1.2
3.231,-0.0326918972,666.589639,1.2
3.232,-0.0327980639,666.589807,1.2
3.233,-0.0328370388,666.589784,1.2
3.234,-0.0329431826,666.589952,1.2
3.235,-0.0329821734,666.589929,1.2
3.236,-0.0330883075,666.590097,1.2
3.237,-0.0331273024,666.590074,1.2
3.238,-0.0332334375,666.590242,1.2
3.239,-0.0332724264,666.590219,1.2
3.24,-0.0333785725,666.590387,1.2
3.241,-0.0334175455,666.590365,1.2
3.242,-0.0335237126,666.590532,1.2
3.243,-0.0335626592,666.59051,1.2
3.244,-0.0336688583,666.590677,1.2
3.245,-0.0337077669,666.590655,1.2
3.246,-0.0338140105,666.590822,1.2
3.247,-0.0338528675,666.5908,1.2
3.248,-0.0339591708,666.590967,1.2
3.249,-0.0339979591,666.590946,1.2
3.25,-0.034104341,666.591112,1.2
3.251,-0.0341430394,666.591091,1.2
3.252,-0.0342495242,666.591257,1.2
3.253,-0.0342881046,666.591236,1.2
3.254,-0.034394725,666.591402,1.2
3.255,-0.0344331492,666.591381,1.2
3.256,-0.0345399503,666.591547,1.2
3.257,-0.0345781642,666.591527,1.2
3.258,-0.0346852118,666.591692,1.2
3.259,-0.0347231343,666.591672,1.2
3.26,-0.0348305298,666.591837,1.2
3.261,-0.0348680318,666.591817,1.2
3.262,-0.0349759436,666.591982,1.2
3.263,-0.0350127994,666.591963,1.2
3.264,-0.0351215396,666.592127,1.2
3.265,-0.0351573,666.592109,1.2
3.266,-0.0352675502,666.592271,1.2
3.267,-0.0353011049,666.592255,1.2
3.268,-0.0354148655,666.592414,1.2
3.269,-0.0354419923,666.592405,1.2
3.27,-0.0355712339,666.592547,1.2
3.271,-0.0355101354,666.592627,1.2
3.272,-0.035419873,666.592989,1.2
3.273,-0.035299328,666.593128,1.2
3.274,-0.0352222926,666.593477,1.2
3.275,-0.035095939,666.593622,1.2
3.276,-0.0350221598,666.593967,1.2
3.277,-0.0348937285,666.594114,1.2
3.278,-0.0348213865,666.594458,1.2
3.279,-0.0346919048,666.594606,1.2
3.28,-0.0346203617,666.594949,1.2
3.281,-0.0344902538,666.595098,1.2
3.282,-0.0344192132,666.595441,1.2
3.283,-0.0342886943,666.59559,1.2
3.284,-0.0342179951,666.595932,1.2
3.285,-0.0340871891,666.596082,1.2
3.286,-0.0340167339,666.596424,1.2
3.287,-0.0338857187,666.596574,1.2
3.288,-0.0338154441,666.596915,1.2
3.289,-0.0336842719,666.597066,1.2
3.29,-0.0336141346,666.597407,1.2
3.291,-0.0334828419,666.597557,1.2
3.292,-0.0334128108,666.597898,1.2
3.293,-0.0332814241,666.598049,1.2
3.294,-0.0332114764,666.59839,1.2
3.295,-0.0330800157,666.598541,1.2
3.296,-0.0330101337,666.598881,1.2
3.297,-0.0328786144,666.599032,1.2
3.298,-0.0328087847,666.599373,1.2
3.299,-0.0326772188,666.599524,1.2
3.3,-0.0326074307,666.599864,1.2
3.301,-0.0324758278,666.600016,1.2
3.302,-0.0324060725,666.600356,1.2
3.303,-0.0322744405,666.600508,1.2
3.304,-0.0322047109,666.600847,1.2
3.305,-0.0320730563,666.600999,1.2
3.306,-0.0320033465,666.601339,1.2
3.307,-0.0318716746,666.601491,1.2
3.308,-0.0318019798,666.601831,1.2
3.309,-0.0316702951,666.601983,1.2
3.31,-0.0316006112,666.602322,1.2
3.311,-0.0314689174,666.602474,1.2
3.312,-0.0313992408,666.602814,1.2
3.313,-0.0312675413,666.602966,1.2
3.314,-0.031197869,666.603305,1.2
3.315,-0.0310661665,666.603458,1.2
3.316,-0.0309964959,666.603797,1.2
3.317,-0.0308647929,666.603949,1.2
3.318,-0.0307951217,666.604288,1.2
3.319,-0.0306634203,666.604441,1.2
3.32,-0.0305937465,666.60478,1.2
3.321,-0.0304620487,666.604933,1.2
3.322,-0.0303923706,666.605272,1.2
3.323,-0.0302606778,666.605424,1.2
3.324,-0.0301909938,666.605763,1.2
3.325,-0.0300593076,666.605916,1.2
3.326,-0.0299896164,666.606255,1.2
3.327,-0.029857938,666.606408,1.2
3.328,-0.0297882384,666.606746,1.2
3.329,-0.029656569,666.606899,1.2
3.33,-0.0295868599,666.607238,1.2
3.331,-0.0294552006,666.607391,1.2
3.332,-0.0293854809,666.607729,1.2
3.333,-0.0292538325,666.607883,1.2
3.334,-0.0291841015,666.608221,1.2
3.335,-0.0290524649,666.608374,1.2
3.336,-0.0289827217,666.608713,1.2
3.337,-0.0288510976,666.608866,1.2
3.338,-0.0287813416,666.609204,1.2
3.339,-0.0286497306,666.609358,1.2
3.34,-0.0285799611,666.609696,1.2
3.341,-0.028448364,666.609849,1.2
3.342,-0.0283785804,666.610187,1.2
3.343,-0.0282469976,666.610341,1.2
3.344,-0.0281771994,666.610679,1.2
3.345,-0.0280456315,666.610833,1.2
3.346,-0.0279758182,666.611171,1.2
3.347,-0.0278442656,666.611324,1.2
3.348,-0.0277744367,666.611662,1.2
3.349,-0.0276428999,666.611816,1.2
3.35,-0.027573055,666.612154,1.2
3.351,-0.0274415344,666.612308,1.2
3.352,-0.0273716732,666.612645,1.2
3.353,-0.027240169,666.6128,1.2
3.354,-0.0271702912,666.613137,1.2
3.355,-0.0270388039,666.613291,1.2
3.356,-0.026968909,666.613629,1.2
3.357,-0.0268374388,666.613783,1.2
3.358,-0.0267675267,666.61412,1.2
3.359,-0.0266360739,666.614275,1.2
3.36,-0.0265661443,666.614612,1.2
3.361,-0.0264347092,666.614766,1.2
3.362,-0.0263647618,666.615103,1.2
3.363,-0.0262333445,666.615258,1.2
3.364,-0.0261633791,666.615595,1.2
3.365,-0.02603198,666.61575,1.2
3.366,-0.0259619964,666.616086,1.2
3.367,-0.0258306155,666.616241,1.2
3.368,-0.0257606135,666.616578,1.2
3.369,-0.0256292512,666.616733,1.2
3.37,-0.0255592306,666.61707,1.2
3.371,-0.0254278869,666.617225,1.2
3.372,-0.0253578476,666.617561,1.2
3.373,-0.0252265227,666.617716,1.2
3.374,-0.0251564645,666.618053,1.2
3.375,-0.0250251586,666.618208,1.2
3.376,-0.0249550813,666.618544,1.2
3.377,-0.0248237945,666.6187,1.2
3.378,-0.0247536981,666.619036,1.2
3.379,-0.0246224305,666.619191,1.2
3.38,-0.0245523148,666.619528,1.2
3.381,-0.0244210665,666.619683,1.2
3.382,-0.0243509315,666.620019,1.2
3.383,-0.0242197026,666.620175,1.2
3.384,-0.0241495481,666.620511,1.2
3.385,-0.0240183388,666.620666,1.2
3.386,-0.0239481647,666.621002,1.2
3.387,-0.023816975,666.621158,1.2
3.388,-0.0237467812,666.621494,1.2
3.389,-0.0236156112,666.62165,1.2
3.39,-0.0235453977,666.621986,1.2
3.391,-0.0234142475,666.622141,1.2
3.392,-0.0233440142,666.622477,1.2
3.393,-0.0232128838,666.622633,1.2
3.394,-0.0231426306,666.622969,1.2
3.395,-0.0230115201,666.623125,1.2
3.396,-0.022941247,666.62346,1.2
3.397,-0.0228101565,666.623616,1.2
3.398,-0.0227398634,666.623952,1.2
3.399,-0.0226087929,666.624108,1.2
3.4,-0.0225384797,666.624444,1.2
3.401,-0.0224074293,666.6246,1.2
3.402,-0.022337096,666.624935,1.2
3.403,-0.0222060657,666.625091,1.2
3.404,-0.0221357123,666.625427,1.2
3.405,-0.0220047022,666.625583,1.2
3.406,-0.0219343286,666.625918,1.2
3.407,-0.0218033386,666.626075,1.2
3.408,-0.0217329449,666.62641,1.2
3.409,-0.0216019751,666.626566,1.2
3.41,-0.0215315612,666.626901,1.2
3.411,-0.0214006116,666.627058,1.2
3.412,-0.0213301774,666.627393,1.2
3.413,-0.0211992481,666.62755,1.2
3.414,-0.0211287936,666.627885,1.2
3.415,-0.0209978846,666.628041,1.2
3.416,-0.0209274099,666.628376,1.2
3.417,-0.0207965212,666.628533,1.2
3.418,-0.0207260261,666.628868,1.2
3.419,-0.0205951577,666.629025,1.2
3.42,-0.0205246423,666.629359,1.2
3.421,-0.0203937943,666.629516,1.2
3.422,-0.0203232585,666.629851,1.2
3.423,-0.0201924308,666.630008,1.2
3.424,-0.0201218747,666.630343,1.2
3.425,-0.0199910674,666.6305,1.2
3.426,-0.0199204908,666.630834,1.2
3.427,-0.0197897039,666.630991,1.2
3.428,-0.019719107,666.631326,1.2
3.429,-0.0195883405,666.631483,1.2
3.43,-0.0195177232,666.631817,1.2
3.431,-0.0193869771,666.631975,1.2
3.432,-0.0193163394,666.632309,1.2
3.433,-0.0191856136,666.632466,1.2
3.434,-0.0191149556,666.632801,1.2
3.435,-0.0189842502,666.632958,1.2
3.436,-0.0189135718,666.633292,1.2
3.437,-0.0187828867,666.63345,1.2
3.438,-0.0187121879,666.633784,1.2
3.439,-0.0185815233,666.633941,1.2
3.44,-0.0185108041,666.634275,1.2
3.441,-0.0183801599,666.634433,1.2
3.442,-0.0183094203,666.634767,1.2
3.443,-0.0181787964,666.634925,1.2
3.444,-0.0181080365,666.635259,1.2
3.445,-0.017977433,666.635416,1.2
3.446,-0.0179066527,666.63575,1.2
3.447,-0.0177760695,666.635908,1.2
3.448,-0.0177052689,666.636242,1.2
3.449,-0.0175747061,666.6364,1.2
3.45,-0.0175038851,666.636733,1.2
3.451,-0.0173733426,666.636891,1.2
3.452,-0.0173025013,666.637225,1.2
3.453,-0.0171719791,666.637383,1.2
3.454,-0.0171011176,666.637717,1.2
3.455,-0.0169706157,666.637875,1.2
3.456,-0.0168997338,666.638208,1.2
3.457,-0.0167692522,666.638366,1.2
3.458,-0.01669835,666.6387,1.2
3.459,-0.0165678887,666.638858,1.2
3.46,-0.0164969663,666.639191,1.2
3.461,-0.0163665252,666.63935,1.2
3.462,-0.0162955825,666.639683,1.2
3.463,-0.0161651617,666.639841,1.2
3.464,-0.0160941988,666.640175,1.2
3.465,-0.0159637982,666.640333,1.2
3.466,-0.015892815,666.640666,1.2
3.467,-0.0157624346,666.640825,1.2
3.468,-0.0156914313,666.641158,1.2
3.469,-0.0155610711,666.641316,1.2
3.47,-0.0154900476,666.641649,1.2
3.471,-0.0153597076,666.641808,1.2
3.472,-0.0152886639,666.642141,1.2
3.473,-0.015158344,666.6423,1.2
3.474,-0.0150872802,666.642633,1.2
3.475,-0.0149569804,666.642791,1.2
3.476,-0.0148858965,666.643124,1.2
3.477,-0.0147556169,666.643283,1.2
3.478,-0.0146845128,666.643616,1.2
3.479,-0.0145542533,666.643775,1.2
3.48,-0.0144831292,666.644107,1.2
3.481,-0.0143528897,666.644266,1.2
3.482,-0.0142817455,666.644599,1.2
3.483,-0.0141515261,666.644758,1.2
3.484,-0.0140803619,666.64509,1.2
3.485,-0.0139501624,666.64525,1.2
3.486,-0.0138789783,666.645582,1.2
3.487,-0.0137487988,666.645741,1.2
3.488,-0.0136775947,666.646074,1.2
3.489,-0.0135474352,666.646233,1.2
3.49,-0.0134762111,666.646565,1.2
3.491,-0.0133460715,666.646725,1.2
3.492,-0.0132748275,666.647057,1.2
3.493,-0.0131447078,666.647216,1.2
3.494,-0.0130734439,666.647548,1.2
3.495,-0.0129433441,666.647708,1.2
3.496,-0.0128720604,666.64804,1.2
3.497,-0.0127419804,666.6482,1.2
3.498,-0.0126706768,666.648532,1.2
3.499,-0.0125406167,666.648691,1.2
3.5,-0.0124692933,666.649023,1.2
3.501,-0.0123392529,666.649183,1.2
3.502,-0.0122679098,666.649515,1.2
3.503,-0.0121378892,666.649674,1.2
3.504,-0.0120665263,666.650006,1.2
3.505,-0.0119365254,666.650166,1.2
3.506,-0.0118651429,666.650498,1.2
3.507,-0.0117351615,666.650658,1.2
3.508,-0.0116637595,666.65099,1.2
3.509,-0.0115337977,666.651149,1.2
3.51,-0.0114623761,666.651481,1.2
3.511,-0.0113324338,666.651641,1.2
3.512,-0.0112609928,666.651973,1.2
3.513,-0.0111310698,666.652133,1.2
3.514,-0.0110596095,666.652464,1.2
3.515,-0.0109297058,666.652624,1.2
3.516,-0.0108582264,666.652956,1.2
3.517,-0.0107283416,666.653116,1.2
3.518,-0.0106568434,666.653448,1.2
3.519,-0.0105269772,666.653608,1.2
3.52,-0.0104554606,666.653939,1.2
3.521,-0.0103256126,666.654099,1.2
3.522,-0.0102540783,666.654431,1.2
3.523,-0.0101242474,666.654591,1.2
3.524,-0.0100526967,666.654922,1.2
3.525,-0.00992288105,666.655083,1.2
3.526,-0.00985131674,666.655414,1.2
3.527,-0.0097215121,666.655574,1.2
3.528,-0.00964994122,666.655906,1.2
3.529,-0.00952013518,666.656066,1.2
3.53,-0.00944858175,666.656397,1.2
3.531,-0.00931872037,666.656558,1.2
3.532,-0.0092473383,666.656889,1.2
3.533,-0.00911669611,666.657049,1.2
3.534,-0.00900576278,666.65734,1.2
3.535,-0.00880274195,666.657428,1.2
3.536,-0.00865872938,666.657686,1.2
3.537,-0.00845637169,666.657774,1.2
3.538,-0.00831217143,666.658033,1.2
3.539,-0.00810990188,666.658121,1.2
3.54,-0.0079656473,666.658379,1.2
3.541,-0.00776341744,666.658468,1.2
3.542,-0.00761913052,666.658726,1.2
3.543,-0.0074169289,666.658814,1.2
3.544,-0.00727261619,666.659072,1.2
3.545,-0.00707043883,666.659161,1.2
3.546,-0.00692610286,666.659419,1.2
3.547,-0.00672394808,666.659507,1.2
3.548,-0.00657958999,666.659765,1.2
3.549,-0.00637745703,666.659854,1.2
3.55,-0.00623307732,666.660112,1.2
3.551,-0.00603096586,666.6602,1.2
3.552,-0.0058865647,666.660458,1.2
3.553,-0.00568447469,666.660547,1.2
3.554,-0.00554005203,666.660805,1.2
3.555,-0.00533798362,666.660893,1.2
3.556,-0.00519353921,666.661151,1.2
3.557,-0.00499149274,666.66124,1.2
3.558,-0.00484702616,666.661497,1.2
3.559,-0.00464500216,666.661586,1.2
3.56,-0.00450051274,666.661844,1.2
3.561,-0.00429851202,666.661933,1.2
3.562,-0.00415399877,666.66219,1.2
3.563,-0.00395202255,666.662279,1.2
3.564,-0.003807484,666.662537,1.2
3.565,-0.00360553407,666.662626,1.2
3.566,-0.00346096799,666.662883,1.2
3.567,-0.00325904714,666.662972,1.2
3.568,-0.00311445003,666.66323,1.2
3.569,-0.0029125627,666.663319,1.2
3.57,-0.00276792882,666.663576,1.2
3.571,-0.00256608258,666.663665,1.2
3.572,-0.00242140178,666.663923,1.2
3.573,-0.00221961053,666.664012,1.2
3.574,-0.00207486321,666.664269,1.2
3.575,-0.00187315549,666.664358,1.2
3.576,-0.00172829849,666.664616,1.2
3.577,-0.0015267429,666.664705,1.2
3.578,-0.00138165999,666.664962,1.2
3.579,-0.00118047077,666.665051,1.2
3.58,-0.00103471702,666.665309,1.2
3.581,-0.000835005059,666.665397,1.2
3.582,-0.000684706238,666.665659,1.2
3.583,-0.000521384888,666.66571,1.2
3.584,-0.00052493229,666.665819,1.2
3.585,-0.000501104667,666.665731,1.2
3.586,-0.000527743365,666.665816,1.2
3.587,-0.000500224947,666.665732,1.2
3.588,-0.000528121405,666.665816,1.2
3.589,-0.000500032129,666.665732,1.2
3.59,-0.000528230532,666.665816,1.2
3.591,-0.000499966189,666.665732,1.2
3.592,-0.000528271983,666.665816,1.2
3.593,-0.000499939639,666.665732,1.2
3.594,-0.000528288952,666.665816,1.2
3.595,-0.000499929105,666.665732,1.2
3.596,-0.000528295007,666.665815,1.2
3.597,-0.000499926264,666.665732,1.2
3.598,-0.000528295484,666.665815,1.2
3.599,-0.000499927563,666.665732,1.2
3.6,-0.000528292825,666.665815,1.2
3.601,-0.000499931281,666.665732,1.2
3.602,-0.000528288271,666.665815,1.2
3.603,-0.000499936503,666.665732,1.2
3.604,-0.00052828251,666.665815,1.2
3.605,-0.000499942705,666.665732,1.2
3.606,-0.000528275945,666.665815,1.2
3.607,-0.000499949572,666.665732,1.2
3.608,-0.000528268825,666.665815,1.2
3.609,-0.000499956903,666.665732,1.2
3.61,-0.000528261315,666.665815,1.2
3.611,-0.000499964567,666.665732,1.2
3.612,-0.00052825352,666.665815,1.2
3.613,-0.000499972474,666.665732,1.2
3.614,-0.000528245516,666.665815,1.2
3.615,-0.000499980561,666.665732,1.2
3.616,-0.000528237357,666.665815,1.2
3.617,-0.000499988784,666.665732,1.2
3.618,-0.000528229079,666.665815,1.2
3.619,-0.000499997109,666.665732,1.2
3.62,-0.000528220711,666.665815,1.2
3.621,-0.000500005513,666.665732,1.2
3.622,-0.000528212275,666.665815,1.2
3.623,-0.000500013977,666.665733,1.2
3.624,-0.000528203787,666.665815,1.2
3.625,-0.000500022487,666.665733,1.2
3.626,-0.000528195259,666.665815,1.2
3.627,-0.000500031031,666.665733,1.2
3.628,-0.000528186701,666.665815,1.2
3.629,-0.000500039601,666.665733,1.2
3.63,-0.00052817812,666.665815,1.2
3.631,-0.00050004819,666.665733,1.2
3.632,-0.000528169524,666.665815,1.2
3.633,-0.000500056793,666.665733,1.2
3.634,-0.000528160916,666.665815,1.2
3.635,-0.000500065405,666.665733,1.2
3.636,-0.000528152302,666.665815,1.2
3.637,-0.000500074021,666.665733,1.2
3.638,-0.000528143684,666.665815,1.2
3.639,-0.00050008264,666.665733,1.2
3.64,-0.000528135065,666.665815,1.2
3.641,-0.000500091258,666.665733,1.2
3.642,-0.000528126447,666.665815,1.2
3.643,-0.000500099874,666.665733,1.2
3.644,-0.000528117833,666.665815,1.2
3.645,-0.000500108486,666.665733,1.2
3.646,-0.000528109224,666.665815,1.2
3.647,-0.000500117092,666.665733,1.2
3.648,-0.000528100622,666.665815,1.2
3.649,-0.000500125691,666.665733,1.2
3.65,-0.000528092027,666.665815,1.2
3.651,-0.000500134282,666.665733,1.2
3.652,-0.00052808344,666.665815,1.2
3.653,-0.000500142864,666.665733,1.2
3.654,-0.000528074863,666.665815,1.2
3.655,-0.000500151436,666.665733,1.2
3.656,-0.000528066297,666.665815,1.2
3.657,-0.000500159997,666.665733,1.2
3.658,-0.000528057741,666.665815,1.2
3.659,-0.000500168547,666.665733,1.2
3.66,-0.000528049196,666.665815,1.2
3.661,-0.000500177086,666.665733,1.2
3.662,-0.000528040664,666.665815,1.2
3.663,-0.000500185612,666.665733,1.2
3.664,-0.000528032143,666.665814,1.2
3.665,-0.000500194126,666.665733,1.2
3.666,-0.000528023636,666.665814,1.2
3.667,-0.000500202628,666.665733,1.2
3.668,-0.000528015141,666.665814,1.2
3.669,-0.000500211116,666.665733,1.2
3.67,-0.00052800666,666.665814,1.2
3.671,-0.00050021959,666.665733,1.2
3.672,-0.000527998192,666.665814,1.2
3.673,-0.000500228051,666.665733,1.2
3.674,-0.000527989738,666.665814,1.2
3.675,-0.000500236498,666.665733,1.2
3.676,-0.000527981298,666.665814,1.2
3.677,-0.000500244931,666.665733,1.2
3.678,-0.000527972872,666.665814,1.2
3.679,-0.00050025335,666.665733,1.2
3.68,-0.00052796446,666.665814,1.2
3.681,-0.000500261755,666.665733,1.2
3.682,-0.000527956063,666.665814,1.2
3.683,-0.000500270145,666.665733,1.2
3.684,-0.00052794768,666.665814,1.2
3.685,-0.00050027852,666.665733,1.2
3.686,-0.000527939312,666.665814,1.2
3.687,-0.000500286881,666.665733,1.2
3.688,-0.000527930958,666.665814,1.2
3.689,-0.000500295227,666.665733,1.2
3.69,-0.00052792262,666.665814,1.2
3.691,-0.000500303558,666.665733,1.2
3.692,-0.000527914296,666.665814,1.2
3.693,-0.000500311875,666.665733,1.2
3.694,-0.000527905987,666.665814,1.2
3.695,-0.000500320176,666.665734,1.2
3.696,-0.000527897693,666.665814,1.2
3.697,-0.000500328462,666.665734,1.2
3.698,-0.000527889415,666.665814,1.2
3.699,-0.000500336734,666.665734,1.2
3.7,-0.000527881151,666.665814,1.2
3.701,-0.00050034499,666.665734,1.2
3.702,-0.000527872902,666.665814,1.2
3.703,-0.00050035323,666.665734,1.2
3.704,-0.000527864669,666.665814,1.2
3.705,-0.000500361456,666.665734,1.2
3.706,-0.000527856451,666.665814,1.2
3.707,-0.000500369667,666.665734,1.2
3.708,-0.000527848248,666.665814,1.2
3.709,-0.000500377862,666.665734,1.2
3.71,-0.00052784006,666.665814,1.2
3.711,-0.000500386043,666.665734,1.2
3.712,-0.000527831887,666.665814,1.2
3.713,-0.000500394207,666.665734,1.2
3.714,-0.00052782373,666.665814,1.2
3.715,-0.000500402357,666.665734,1.2
3.716,-0.000527815588,666.665814,1.2
3.717,-0.000500410492,666.665734,1.2
3.718,-0.000527807461,666.665814,1.2
3.719,-0.000500418611,666.665734,1.2
3.72,-0.00052779935,666.665814,1.2
3.721,-0.000500426714,666.665734,1.2
3.722,-0.000527791253,666.665814,1.2
3.723,-0.000500434803,666.665734,1.2
3.724,-0.000527783172,666.665814,1.2
3.725,-0.000500442877,666.665734,1.2
3.726,-0.000527775107,666.665814,1.2
3.727,-0.000500450935,666.665734,1.2
3.728,-0.000527767056,666.665814,1.2
3.729,-0.000500458977,666.665734,1.2
3.73,-0.000527759021,666.665814,1.2
3.731,-0.000500467005,666.665734,1.2
3.732,-0.000527751001,666.665814,1.2
3.733,-0.000500475017,666.665734,1.2
3.734,-0.000527742996,666.665814,1.2
3.735,-0.000500483014,666.665734,1.2
3.736,-0.000527735007,666.665814,1.2
3.737,-0.000500490996,666.665734,1.2
3.738,-0.000527727032,666.665814,1.2
3.739,-0.000500498963,666.665734,1.2
3.74,-0.000527719073,666.665814,1.2
3.741,-0.000500506915,666.665734,1.2
3.742,-0.00052771113,666.665813,1.2
3.743,-0.000500514851,666.665734,1.2
3.744,-0.000527703201,666.665813,1.2
3.745,-0.000500522772,666.665734,1.2
3.746,-0.000527695287,666.665813,1.2
3.747,-0.000500530678,666.665734,1.2
3.748,-0.000527687389,666.665813,1.2
3.749,-0.000500538569,666.665734,1.2
3.75,-0.000527679506,666.665813,1.2
3.751,-0.000500546444,666.665734,1.2
3.752,-0.000527671638,666.665813,1.2
3.753,-0.000500554305,666.665734,1.2
3.754,-0.000527663784,666.665813,1.2
3.755,-0.00050056215,666.665734,1.2
3.756,-0.000527655947,666.665813,1.2
3.757,-0.000500569981,666.665734,1.2
3.758,-0.000527648124,666.665813,1.2
3.759,-0.000500577796,666.665734,1.2
3.76,-0.000527640316,666.665813,1.2
3.761,-0.000500585597,666.665734,1.2
3.762,-0.000527632523,666.665813,1.2
3.763,-0.000500593382,666.665734,1.2
3.764,-0.000527624745,666.665813,1.2
3.765,-0.000500601152,666.665734,1.2
3.766,-0.000527616982,666.665813,1.2
3.767,-0.000500608908,666.665734,1.2
3.768,-0.000527609234,666.665813,1.2
3.769,-0.000500616648,666.665734,1.2
3.77,-0.000527601501,666.665813,1.2
3.771,-0.000500624374,666.665734,1.2
3.772,-0.000527593783,666.665813,1.2
3.773,-0.000500632084,666.665734,1.2
3.774,-0.00052758608,666.665813,1.2
3.775,-0.00050063978,666.665734,1.2
3.776,-0.000527578392,666.665813,1.2
3.777,-0.000500647461,666.665735,1.2
3.778,-0.000527570719,666.665813,1.2
3.779,-0.000500655127,666.665735,1.2
3.78,-0.00052756306,666.665813,1.2
3.781,-0.000500662778,666.665735,1.2
3.782,-0.000527555416,666.665813,1.2
3.783,-0.000500670414,666.665735,1.2
3.784,-0.000527547787,666.665813,1.2
3.785,-0.000500678036,666.665735,1.2
3.786,-0.000527540173,666.665813,1.2
3.787,-0.000500685643,666.665735,1.2
3.788,-0.000527532574,666.665813,1.2
3.789,-0.000500693235,666.665735,1.2
3.79,-0.000527524989,666.665813,1.2
3.791,-0.000500700812,666.665735,1.2
3.792,-0.000527517419,666.665813,1.2
3.793,-0.000500708375,666.665735,1.2
3.794,-0.000527509863,666.665813,1.2
3.795,-0.000500715923,666.665735,1.2
3.796,-0.000527502322,666.665813,1.2
3.797,-0.000500723457,666.665735,1.2
3.798,-0.000527494796,666.665813,1.2
3.799,-0.000500730976,666.665735,1.2
3.8,-0.000527487284,666.665813,1.2
3.801,-0.00050073848,666.665735,1.2
3.802,-0.000527479787,666.665813,1.2
3.803,-0.00050074597,666.665735,1.2
3.804,-0.000527472305,666.665813,1.2
3.805,-0.000500753445,666.665735,1.2
3.806,-0.000527464837,666.665813,1.2
3.807,-0.000500760906,666.665735,1.2
3.808,-0.000527457383,666.665813,1.2
3.809,-0.000500768352,666.665735,1.2
3.81,-0.000527449944,666.665813,1.2
3.811,-0.000500775784,666.665735,1.2
3.812,-0.00052744252,666.665813,1.2
3.813,-0.000500783201,666.665735,1.2
3.814,-0.000527435109,666.665813,1.2
3.815,-0.000500790604,666.665735,1.2
3.816,-0.000527427714,666.665813,1.2
3.817,-0.000500797993,666.665735,1.2
3.818,-0.000527420332,666.665813,1.2
3.819,-0.000500805367,666.665735,1.2
3.82,-0.000527412965,666.665813,1.2
3.821,-0.000500812727,666.665735,1.2
3.822,-0.000527405612,666.665813,1.2
3.823,-0.000500820073,666.665735,1.2
3.824,-0.000527398274,666.665813,1.2
3.825,-0.000500827404,666.665735,1.2
3.826,-0.000527390949,666.665812,1.2
3.827,-0.000500834722,666.665735,1.2
3.828,-0.000527383639,666.665812,1.2
3.829,-0.000500842025,666.665735,1.2
3.83,-0.000527376344,666.665812,1.2
3.831,-0.000500849313,666.665735,1.2
3.832,-0.000527369062,666.665812,1.2
3.833,-0.000500856588,666.665735,1.2
3.834,-0.000527361794,666.665812,1.2
3.835,-0.000500863848,666.665735,1.2
3.836,-0.000527354541,666.665812,1.2
3.837,-0.000500871094,666.665735,1.2
3.838,-0.000527347302,666.665812,1.2
3.839,-0.000500878327,666.665735,1.2
3.84,-0.000527340077,666.665812,1.2
3.841,-0.000500885545,666.665735,1.2
3.842,-0.000527332865,666.665812,1.2
3.843,-0.000500892749,666.665735,1.2
3.844,-0.000527325668,666.665812,1.2
3.845,-0.000500899939,666.665735,1.2
3.846,-0.000527318485,666.665812,1.2
3.847,-0.000500907115,666.665735,1.2
3.848,-0.000527311316,666.665812,1.2
3.849,-0.000500914277,666.665735,1.2
3.85,-0.000527304161,666.665812,1.2
3.851,-0.000500921425,666.665735,1.2
3.852,-0.00052729702,666.665812,1.2
3.853,-0.00050092856,666.665735,1.2
3.854,-0.000527289893,666.665812,1.2
3.855,-0.00050093568,666.665735,1.2
3.856,-0.000527282779,666.665812,1.2
3.857,-0.000500942787,666.665735,1.2
3.858,-0.000527275679,666.665812,1.2
3.859,-0.000500949879,666.665735,1.2
3.86,-0.000527268594,666.665812,1.2
3.861,-0.000500956958,666.665735,1.2
3.862,-0.000527261522,666.665812,1.2
3.863,-0.000500964023,666.665736,1.2
3.864,-0.000527254463,666.665812,1.2
3.865,-0.000500971074,666.665736,1.2
3.866,-0.000527247419,666.665812,1.2
3.867,-0.000500978112,666.665736,1.2
3.868,-0.000527240389,666.665812,1.2
3.869,-0.000500985136,666.665736,1.2
3.87,-0.000527233371,666.665812,1.2
3.871,-0.000500992146,666.665736,1.2
3.872,-0.000527226368,666.665812,1.2
3.873,-0.000500999143,666.665736,1.2
3.874,-0.000527219378,666.665812,1.2
3.875,-0.000501006126,666.665736,1.2
3.876,-0.000527212402,666.665812,1.2
3.877,-0.000501013095,666.665736,1.2
3.878,-0.00052720544,666.665812,1.2
3.879,-0.000501020051,666.665736,1.2
3.88,-0.000527198491,666.665812,1.2
3.881,-0.000501026993,666.665736,1.2
3.882,-0.000527191555,666.665812,1.2
3.883,-0.000501033921,666.665736,1.2
3.884,-0.000527184634,666.665812,1.2
3.885,-0.000501040836,666.665736,1.2
3.886,-0.000527177725,666.665812,1.2
3.887,-0.000501047738,666.665736,1.2
3.888,-0.00052717083,666.665812,1.2
3.889,-0.000501054626,666.665736,1.2
3.89,-0.000527163949,666.665812,1.2
3.891,-0.000501061501,666.665736,1.2
3.892,-0.000527157081,666.665812,1.2
3.893,-0.000501068362,666.665736,1.2
3.894,-0.000527150227,666.665812,1.2
3.895,-0.00050107521,666.665736,1.2
3.896,-0.000527143385,666.665812,1.2
3.897,-0.000501082044,666.665736,1.2
3.898,-0.000527136558,666.665812,1.2
3.899,-0.000501088866,666.665736,1.2
3.9,-0.000527129743,666.665812,1.2
3.901,-0.000501095673,666.665736,1.2
3.902,-0.000527122942,666.665812,1.2
3.903,-0.000501102468,666.665736,1.2
3.904,-0.000527116154,666.665812,1.2
3.905,-0.000501109249,666.665736,1.2
3.906,-0.000527109379,666.665812,1.2
3.907,-0.000501116017,666.665736,1.2
3.908,-0.000527102618,666.665812,1.2
3.909,-0.000501122772,666.665736,1.2
3.91,-0.00052709587,666.665812,1.2
3.911,-0.000501129514,666.665736,1.2
3.912,-0.000527089135,666.665812,1.2
3.913,-0.000501136242,666.665736,1.2
3.914,-0.000527082413,666.665812,1.2
3.915,-0.000501142957,666.665736,1.2
3.916,-0.000527075704,666.665812,1.2
3.917,-0.000501149659,666.665736,1.2
3.918,-0.000527069009,666.665812,1.2
3.919,-0.000501156349,666.665736,1.2
3.92,-0.000527062326,666.665811,1.2
3.921,-0.000501163024,666.665736,1.2
3.922,-0.000527055657,666.665811,1.2
3.923,-0.000501169687,666.665736,1.2
3.924,-0.000527049,666.665811,1.2
3.925,-0.000501176337,666.665736,1.2
3.926,-0.000527042357,666.665811,1.2
3.927,-0.000501182974,666.665736,1.2
3.928,-0.000527035727,666.665811,1.2
3.929,-0.000501189598,666.665736,1.2
3.93,-0.000527029109,666.665811,1.2
3.931,-0.000501196209,666.665736,1.2
3.932,-0.000527022505,666.665811,1.2
3.933,-0.000501202806,666.665736,1.2
3.934,-0.000527015914,666.665811,1.2
3.935,-0.000501209391,666.665736,1.2
3.936,-0.000527009335,666.665811,1.2
3.937,-0.000501215963,666.665736,1.2
3.938,-0.00052700277,666.665811,1.2
3.939,-0.000501222523,666.665736,1.2
3.94,-0.000526996217,666.665811,1.2
3.941,-0.000501229069,666.665736,1.2
3.942,-0.000526989677,666.665811,1.2
3.943,-0.000501235602,666.665736,1.2
3.944,-0.00052698315,666.665811,1.2
3.945,-0.000501242123,666.665736,1.2
3.946,-0.000526976636,666.665811,1.2
3.947,-0.000501248631,666.665736,1.2
3.948,-0.000526970134,666.665811,1.2
3.949,-0.000501255125,666.665736,1.2
3.95,-0.000526963646,666.665811,1.2
3.951,-0.000501261608,666.665736,1.2
3.952,-0.00052695717,666.665811,1.2
3.953,-0.000501268077,666.665736,1.2
3.954,-0.000526950707,666.665811,1.2
3.955,-0.000501274534,666.665736,1.2
3.956,-0.000526944257,666.665811,1.2
3.957,-0.000501280978,666.665736,1.2
3.958,-0.000526937819,666.665811,1.2
3.959,-0.000501287409,666.665736,1.2
3.96,-0.000526931394,666.665811,1.2
3.961,-0.000501293828,666.665737,1.2
3.962,-0.000526924982,666.665811,1.2
3.963,-0.000501300234,666.665737,1.2
3.964,-0.000526918582,666.665811,1.2
3.965,-0.000501306627,666.665737,1.2
3.966,-0.000526912195,666.665811,1.2
3.967,-0.000501313008,666.665737,1.2
3.968,-0.000526905821,666.665811,1.2
3.969,-0.000501319376,666.665737,1.2
3.97,-0.000526899459,666.665811,1.2
3.971,-0.000501325731,666.665737,1.2
3.972,-0.00052689311,666.665811,1.2
3.973,-0.000501332074,666.665737,1.2
3.974,-0.000526886773,666.665811,1.2
3.975,-0.000501338404,666.665737,1.2
3.976,-0.000526880449,666.665811,1.2
3.977,-0.000501344722,666.665737,1.2
3.978,-0.000526874138,666.665811,1.2
3.979,-0.000501351027,666.665737,1.2
3.98,-0.000526867839,666.665811,1.2
3.981,-0.00050135732,666.665737,1.2
3.982,-0.000526861553,666.665811,1.2
3.983,-0.0005013636,666.665737,1.2
3.984,-0.000526855279,666.665811,1.2
3.985,-0.000501369868,666.665737,1.2
3.986,-0.000526849017,666.665811,1.2
3.987,-0.000501376123,666.665737,1.2
3.988,-0.000526842768,666.665811,1.2
3.989,-0.000501382366,666.665737,1.2
3.99,-0.000526836532,666.665811,1.2
3.991,-0.000501388596,666.665737,1.2
3.992,-0.000526830308,666.665811,1.2
3.993,-0.000501394813,666.665737,1.2
3.994,-0.000526824097,666.665811,1.2
3.995,-0.000501401019,666.665737,1.2
3.996,-0.000526817898,666.665811,1.2
3.997,-0.000501407211,666.665737,1.2
3.998,-0.000526811711,666.665811,1.2
3.999,-0.000501413392,666.665737,1.2
4,-0.000526805537,666.665811,1.2
